P1_H,horizontal,pull,zone,worst_axis,305.57,53.75,445.52,19602.77
P1_H,horizontal,pull,zone,worst_axis,95.78,35.44,376.17,15981.23
P1_H,horizontal,pull,zone,worst_axis,114.61,65.61,763.5,29552.72
P1_H,horizontal,pull,linear,worst_axis,215.53,54.87,542.2,22100.24
P1_H,horizontal,pull,linear,worst_axis,266.31,41.87,434.57,16393.78
P1_H,horizontal,pull,linear,worst_axis,158.45,50.63,536.38,19081.05
P1_H,horizontal,pull,zone,two_tactor,506.59,51.34,500.5,17976.94
P1_H,horizontal,pull,zone,two_tactor,292.23,78.76,1074.37,50449.16
P1_H,horizontal,pull,zone,two_tactor,124,50.95,548.95,19398.57
P1_H,horizontal,pull,linear,two_tactor,375.84,117.93,1526.2,69758.07
P1_H,horizontal,pull,linear,two_tactor,458.32,49.96,719.67,28916.85
P1_H,horizontal,pull,linear,two_tactor,175.2,52.01,669.5,23420.77
P1_H,horizontal,push,zone,two_tactor,428.51,41.46,462.38,17311.37
P1_H,horizontal,push,zone,two_tactor,558.33,44.65,558.5,23213.7
P1_H,horizontal,push,zone,two_tactor,91.45,57.09,737.8,21903.95
P1_H,horizontal,push,linear,two_tactor,93.43,40.48,421.47,17353.6
P1_H,horizontal,push,linear,two_tactor,239.22,45.17,591.29,23900.11
P1_H,horizontal,push,linear,two_tactor,396.62,42.53,571.7,24116.97
P1_H,horizontal,push,zone,worst_axis,307.16,39.92,478.93,14639.48
P1_H,horizontal,push,zone,worst_axis,203.91,69.18,719.28,34584.8
P1_H,horizontal,push,zone,worst_axis,110.64,26.17,231.17,10232.45
P1_H,horizontal,push,linear,worst_axis,168.9,95.6,819.91,27204.08
P1_H,horizontal,push,linear,worst_axis,99.36,57.55,723.96,29309
P1_H,horizontal,push,linear,worst_axis,461.95,84.13,1215.09,57726.52
P1,vertical,push,linear,two_tactor,946.65,29.95,268.87,10094.03
P1,vertical,push,linear,two_tactor,354.04,35.28,372.71,13960.13
P1,vertical,push,linear,two_tactor,365.54,33.25,315.16,11225.54
P1,vertical,push,zone,two_tactor,635.5,37.86,451.02,15790.21
P1,vertical,push,zone,two_tactor,292.19,40.76,313.64,12724.33
P1,vertical,push,zone,two_tactor,164.07,49.28,539,19842.73
P1,vertical,push,linear,worst_axis,822.97,34.3,279.53,9374.45
P1,vertical,push,linear,worst_axis,247.21,46.09,421.35,15630.1
P1,vertical,push,linear,worst_axis,101.47,36.44,291.15,7850.99
P1,vertical,push,zone,worst_axis,243.35,54.44,566.75,19941.22
P1,vertical,push,zone,worst_axis,198.55,32.84,266.16,10282.94
P1,vertical,push,zone,worst_axis,145.64,43.7,459.28,13565.14
P1,vertical,pull,linear,worst_axis,116.57,48.26,384.21,14156.72
P1,vertical,pull,linear,worst_axis,190.89,55.47,502.58,18318.69
P1,vertical,pull,linear,worst_axis,85.16,45.5,391.66,13644.86
P1,vertical,pull,zone,worst_axis,80.86,70.23,819.79,24572.01
P1,vertical,pull,zone,worst_axis,49.39,33.42,381.51,13681.83
P1,vertical,pull,zone,worst_axis,66.06,46.25,473.18,15353.27
P1,vertical,pull,linear,two_tactor,354.39,46.53,533.45,15130.42
P1,vertical,pull,linear,two_tactor,260.45,39.07,344.34,12202.06
P1,vertical,pull,linear,two_tactor,108.02,28.45,247.51,8786.15
P1,vertical,pull,zone,two_tactor,764.7,39.9,375.92,13928.77
P1,vertical,pull,zone,two_tactor,711.48,42.25,364.94,14214.7
P1,vertical,pull,zone,two_tactor,250.79,38.52,309.51,11380.36
P2_V_3,vertical,pull,zone,two_tactor,144.58,33.76,365.41,11840.29
P2_V_3,vertical,pull,zone,two_tactor,994.5,60.83,543.18,18727.95
P2_V_3,vertical,pull,zone,two_tactor,273.69,53.33,673.6,25647.87
P2_V_3,vertical,pull,linear,two_tactor,380.96,62.58,606.03,20305.85
P2_V_3,vertical,pull,linear,two_tactor,67.09,63.03,629.45,26149.98
P2_V_3,vertical,pull,linear,two_tactor,1101.33,89.56,758.81,28861.97
P2_V_3,vertical,pull,zone,worst_axis,322.82,95.28,999.45,42222.66
P2_V_3,vertical,pull,zone,worst_axis,159.26,80.63,1050.62,44020.74
P2_V_3,vertical,pull,zone,worst_axis,978.77,74.57,761.36,32806.39
P2_V_3,vertical,pull,linear,worst_axis,6443.33,186.78,2517.09,113144.65
P2_V_3,vertical,pull,linear,worst_axis,231.99,50.62,391.02,15955.43
P2_V_3,vertical,pull,linear,worst_axis,156.89,31.27,347.98,12318.18
P2_V_3,vertical,push,zone,worst_axis,169.78,55.13,441.33,16149.67
P2_V_3,vertical,push,zone,worst_axis,362.25,68.62,716.35,24466.6
P2_V_3,vertical,push,zone,worst_axis,618.4,49.48,470.95,20716.87
P2_V_3,vertical,push,linear,worst_axis,531.49,63.41,533.17,19735.8
P2_V_3,vertical,push,linear,worst_axis,3970.7,81.31,682.25,28797.51
P2_V_3,vertical,push,linear,worst_axis,831.1,64.48,644.67,23408.37
P2_V_3,vertical,push,zone,two_tactor,242.67,51.2,584.82,23207.44
P2_V_3,vertical,push,zone,two_tactor,452.76,70.45,697.81,27820.7
P2_V_3,vertical,push,zone,two_tactor,154.4,79.96,868.21,28376.94
P2_V_3,vertical,push,linear,two_tactor,343.49,62.76,808.02,31706.95
P2_V_3,vertical,push,linear,two_tactor,1123.68,79.94,656.2,24846.83
P2_V_3,vertical,push,linear,two_tactor,479.98,70.95,667.1,24613.43
P2_H,horizontal,push,linear,worst_axis,169.62,15.59,142.22,5426.89
P2_H,horizontal,push,linear,worst_axis,186.12,28.4,348.74,13224.09
P2_H,horizontal,push,linear,worst_axis,142.68,17.45,157.67,5245.56
P2_H,horizontal,push,zone,worst_axis,446.27,25.43,174.61,6731.87
P2_H,horizontal,push,zone,worst_axis,142.92,21.22,192.03,7241.87
P2_H,horizontal,push,zone,worst_axis,79,19.82,185.73,6811.67
P2_H,horizontal,push,linear,two_tactor,170.31,20.47,183.34,5988.49
P2_H,horizontal,push,linear,two_tactor,816.27,31.88,278.68,10463.79
P2_H,horizontal,push,linear,two_tactor,274.47,23.49,239.03,7775.5
P2_H,horizontal,push,zone,two_tactor,163.92,27.72,261.95,9467.28
P2_H,horizontal,push,zone,two_tactor,291.32,27.83,275.56,10520.22
P2_H,horizontal,push,zone,two_tactor,207.59,26.22,237.37,8612.08
P2_H,horizontal,pull,linear,two_tactor,196.99,25.22,229.5,7988.76
P2_H,horizontal,pull,linear,two_tactor,48.9,24.44,142.49,5708.18
P2_H,horizontal,pull,linear,two_tactor,199.83,32.38,289.42,9748.18
P2_H,horizontal,pull,zone,two_tactor,1035.16,33.84,289.49,10359.99
P2_H,horizontal,pull,zone,two_tactor,270.85,36.85,286.12,9405.22
P2_H,horizontal,pull,zone,two_tactor,53.84,25.94,221.2,8645.98
P2_H,horizontal,pull,linear,worst_axis,73.64,28.41,243.38,8470.7
P2_H,horizontal,pull,linear,worst_axis,112.51,38.92,366.57,13829.56
P2_H,horizontal,pull,linear,worst_axis,149.78,29.21,236.56,9219.93
P2_H,horizontal,pull,zone,worst_axis,531.12,37.34,336.22,11264.08
P2_H,horizontal,pull,zone,worst_axis,84.07,31.74,328.03,11454.73
P2_H,horizontal,pull,zone,worst_axis,53.87,32.71,302.94,11024.91
P3_H,horizontal,pull,zone,worst_axis,202.56,37.75,433.26,18711.97
P3_H,horizontal,pull,zone,worst_axis,189.66,38.03,483.43,21453.21
P3_H,horizontal,pull,zone,worst_axis,183.57,42.84,529.1,22462.48
P3_H,horizontal,pull,linear,worst_axis,599.06,69.33,1013.52,43589.59
P3_H,horizontal,pull,linear,worst_axis,224.32,38.89,562.54,20957.39
P3_H,horizontal,pull,linear,worst_axis,307.81,40.53,501.79,20023.75
P3_H,horizontal,pull,zone,two_tactor,1629.16,58.25,805.97,35056.53
P3_H,horizontal,pull,zone,two_tactor,261.66,45.23,577.49,28176.68
P3_H,horizontal,pull,zone,two_tactor,695,43.53,589.54,21152.73
P3_H,horizontal,pull,linear,two_tactor,370.62,70.39,649.33,34919.96
P3_H,horizontal,pull,linear,two_tactor,329.16,41.79,592.81,21019.89
P3_H,horizontal,pull,linear,two_tactor,360.6,92.59,988.68,35011.31
P3_H,horizontal,push,zone,two_tactor,294.49,37.63,520.02,24103.6
P3_H,horizontal,push,zone,two_tactor,2039.29,86.99,974.13,44446.5
P3_H,horizontal,push,zone,two_tactor,387.8,67.87,996.38,42087.93
P3_H,horizontal,push,linear,two_tactor,126.72,42.3,579.85,19321.34
P3_H,horizontal,push,linear,two_tactor,252.71,46.02,697.07,24516.22
P3_H,horizontal,push,linear,two_tactor,484.52,36.79,475.67,17265.57
P3_H,horizontal,push,zone,worst_axis,413.32,57.86,887.99,36551.33
P3_H,horizontal,push,zone,worst_axis,137.6,41.16,612.06,25387.34
P3_H,horizontal,push,zone,worst_axis,538.28,104.83,1063.58,41247.87
P3_H,horizontal,push,linear,worst_axis,251.32,82.67,1142.2,41320.2
P3_H,horizontal,push,linear,worst_axis,836.94,71.12,770.99,31975.93
P3_H,horizontal,push,linear,worst_axis,150.48,68.26,1007.49,38035.27
P3_V,vertical,push,linear,two_tactor,288.03,37.51,339.63,13343.2
P3_V,vertical,push,linear,two_tactor,778.85,29.32,280.41,11485.55
P3_V,vertical,push,linear,two_tactor,387.91,34.26,290.85,11608.39
P3_V,vertical,push,zone,two_tactor,546.77,41.4,357.44,15355.99
P3_V,vertical,push,zone,two_tactor,1172.3,34.35,345.85,13439.55
P3_V,vertical,push,zone,two_tactor,160.38,43.32,389.5,15273.51
P3_V,vertical,push,linear,worst_axis,1438.51,52.27,428.53,19420.06
P3_V,vertical,push,linear,worst_axis,1044.62,58.44,525.71,20376.63
P3_V,vertical,push,linear,worst_axis,236.38,39.06,347.48,12492.42
P3_V,vertical,push,zone,worst_axis,335.68,24.87,252.43,9470.24
P3_V,vertical,push,zone,worst_axis,190.51,48.73,605.95,24322.65
P3_V,vertical,push,zone,worst_axis,299.93,54.88,479.32,20681.15
P3_V,vertical,pull,linear,worst_axis,199.91,29.82,307.93,10442.08
P3_V,vertical,pull,linear,worst_axis,179.68,42,455.87,20417.15
P3_V,vertical,pull,linear,worst_axis,217.86,35.21,415.98,16562.28
P3_V,vertical,pull,zone,worst_axis,139.11,34.9,401.57,15130.2
P3_V,vertical,pull,zone,worst_axis,328.29,44.54,489.04,18701.69
P3_V,vertical,pull,zone,worst_axis,236.55,48.35,496.48,19483.14
P3_V,vertical,pull,linear,two_tactor,1012.41,52.92,475.45,21830.29
P3_V,vertical,pull,linear,two_tactor,228.73,43.71,378.56,18216.45
P3_V,vertical,pull,linear,two_tactor,436.42,60.73,510.94,19346.45
P3_V,vertical,pull,zone,two_tactor,516.29,58.68,708.88,28199.21
P3_V,vertical,pull,zone,two_tactor,202.24,37.33,418.18,14770.34
P3_V,vertical,pull,zone,two_tactor,224.38,62.33,553.94,19858.35
P4_H,horizontal,push,linear,worst_axis,276.12,16.35,192.23,7676.16
P4_H,horizontal,push,linear,worst_axis,171.17,18.22,214.35,9084.2
P4_H,horizontal,push,linear,worst_axis,427.81,32.5,415.79,14929.46
P4_H,horizontal,push,zone,worst_axis,1479.88,23.1,304.97,13107.96
P4_H,horizontal,push,zone,worst_axis,1048.59,39.5,538.04,22014.85
P4_H,horizontal,push,zone,worst_axis,1394.89,24.72,287.71,11299.1
P4_H,horizontal,push,linear,two_tactor,441.21,24.63,245.17,9471.19
P4_H,horizontal,push,linear,two_tactor,2166.19,25.27,313.25,12033.38
P4_H,horizontal,push,linear,two_tactor,2362.57,24.58,319.49,12377.18
P4_H,horizontal,push,zone,two_tactor,526.7,20.21,257.07,11142.61
P4_H,horizontal,push,zone,two_tactor,656.48,19.49,234.57,10256.54
P4_H,horizontal,push,zone,two_tactor,1464.62,27.28,312.89,12108.3
P4_H,horizontal,pull,linear,two_tactor,387.68,19.66,238.39,9683.92
P4_H,horizontal,pull,linear,two_tactor,788.39,38.76,360.2,13690.76
P4_H,horizontal,pull,linear,two_tactor,270.8,26.65,353.48,15377.65
P4_H,horizontal,pull,zone,two_tactor,1728.07,34.3,413.42,18167.62
P4_H,horizontal,pull,zone,two_tactor,225.55,13.59,154.15,6327.37
P4_H,horizontal,pull,zone,two_tactor,739.78,29.68,365.3,15603.8
P4_H,horizontal,pull,linear,worst_axis,124.71,14.73,173.9,6712.04
P4_H,horizontal,pull,linear,worst_axis,419.93,22.58,234.01,9148.38
P4_H,horizontal,pull,linear,worst_axis,129.86,18.89,283.17,11308.76
P4_H,horizontal,pull,zone,worst_axis,481.35,29.46,333.92,14849.43
P4_H,horizontal,pull,zone,worst_axis,115.05,24.21,251.11,11421.76
P4_H,horizontal,pull,zone,worst_axis,108.75,34.06,395.73,15921.52
P4_V,vertical,pull,zone,two_tactor,307.23,28.67,322.66,12642.69
P4_V,vertical,pull,zone,two_tactor,478.34,28.44,336.9,12479.2
P4_V,vertical,pull,zone,two_tactor,427.83,29.89,327.12,12532.33
P4_V,vertical,pull,linear,two_tactor,896.95,34.6,345.27,13399.27
P4_V,vertical,pull,linear,two_tactor,286.7,35.52,346.66,10952.39
P4_V,vertical,pull,linear,two_tactor,140.16,32.06,291.72,12067.47
P4_V,vertical,pull,zone,worst_axis,171.44,36.05,383.51,12413.57
P4_V,vertical,pull,zone,worst_axis,84.5,30.92,374.5,12197.46
P4_V,vertical,pull,zone,worst_axis,327.02,27.19,287.09,11108.43
P4_V,vertical,pull,linear,worst_axis,213.06,39.45,388.82,14273.62
P4_V,vertical,pull,linear,worst_axis,160.46,36.67,350.66,13096.22
P4_V,vertical,pull,linear,worst_axis,232.76,47.26,522.98,16202.96
P4_V,vertical,push,zone,worst_axis,530.4,24.18,265.75,10648.9
P4_V,vertical,push,zone,worst_axis,386.25,42.36,459.75,16362.47
P4_V,vertical,push,zone,worst_axis,112.5,41.57,544.78,17673.73
P4_V,vertical,push,linear,worst_axis,303.34,48.34,446.43,15865.17
P4_V,vertical,push,linear,worst_axis,242.06,35.89,409.14,12809.66
P4_V,vertical,push,linear,worst_axis,1498.68,52.06,498.59,18977.46
P4_V,vertical,push,zone,two_tactor,1628.92,44.11,415.48,16461.54
P4_V,vertical,push,zone,two_tactor,3820.3,60.75,599.18,24505.49
P4_V,vertical,push,zone,two_tactor,332.11,40.14,378.69,15929.66
P4_V,vertical,push,linear,two_tactor,1760.21,45.58,418.81,16304.61
P4_V,vertical,push,linear,two_tactor,899.64,35.78,347.35,12705.51
P4_V,vertical,push,linear,two_tactor,521.85,47.48,478.26,20513.55
P5,vertical,push,linear,two_tactor,427.21,38.09,356.66,11729.6
P5,vertical,push,linear,two_tactor,1352.65,45.9,362.51,12048.27
P5,vertical,push,linear,two_tactor,243.17,71.91,513.05,20344.37
P5,vertical,push,zone,two_tactor,407.33,50.52,433.74,14118.27
P5,vertical,push,zone,two_tactor,409.3,34.1,359.23,13038.9
P5,vertical,push,zone,two_tactor,239.81,36.82,259.42,9664.21
P5,vertical,push,linear,worst_axis,271.79,40.29,300.83,11439
P5,vertical,push,linear,worst_axis,54.1,26.41,200.39,7235.86
P5,vertical,push,linear,worst_axis,103.5,32.67,267.27,9732.16
P5,vertical,push,zone,worst_axis,225.84,38.25,335.85,10951.6
P5,vertical,push,zone,worst_axis,497.98,34.29,282.81,10151.91
P5,vertical,push,zone,worst_axis,393.57,33.48,304.31,10849.71
P5,vertical,pull,linear,worst_axis,402.56,36.27,388.72,11239.3
P5,vertical,pull,linear,worst_axis,93.07,40.76,294.06,12093.33
P5,vertical,pull,linear,worst_axis,45.65,32.86,329.01,10024.39
P5,vertical,pull,zone,worst_axis,59.88,35.39,351.01,12311.89
P5,vertical,pull,zone,worst_axis,95.75,38.13,289.13,14595.21
P5,vertical,pull,zone,worst_axis,88.59,43.32,394.06,14063.04
P5,vertical,pull,linear,two_tactor,270.72,34.68,321.6,11874.53
P5,vertical,pull,linear,two_tactor,55.49,42.24,442.73,11372.69
P5,vertical,pull,linear,two_tactor,235.44,35.57,215.08,7941.51
P5,vertical,pull,zone,two_tactor,295.84,26.91,257.44,10948.18
P5,vertical,pull,zone,two_tactor,82.14,44.02,265.6,8906.2
P5,vertical,pull,zone,two_tactor,73.27,28.31,196.76,6926.39
P5_H,horizontal,pull,zone,worst_axis,108.51,37.52,354.45,11415.78
P5_H,horizontal,pull,zone,worst_axis,96.46,39.3,363.48,11542.74
P5_H,horizontal,pull,zone,worst_axis,106.88,27.89,251.01,9084.63
P5_H,horizontal,pull,linear,worst_axis,250.06,39.29,362.89,11755.6
P5_H,horizontal,pull,linear,worst_axis,110.6,27.68,240.92,9691.87
P5_H,horizontal,pull,linear,worst_axis,200.02,26.73,213.55,7139.42
P5_H,horizontal,pull,zone,two_tactor,1603.64,79.03,464.86,21957.6
P5_H,horizontal,pull,zone,two_tactor,85.69,29.78,323.48,9604.3
P5_H,horizontal,pull,zone,two_tactor,87.65,26.85,233.75,9408.74
P5_H,horizontal,pull,linear,two_tactor,79,26.08,222.89,9573.83
P5_H,horizontal,pull,linear,two_tactor,158.52,40.48,437,18078.72
P5_H,horizontal,pull,linear,two_tactor,57.06,58.09,292.88,9765.83
P5_H,horizontal,push,zone,two_tactor,253.66,38.34,278.51,12260.46
P5_H,horizontal,push,zone,two_tactor,117.54,33.89,310.93,11093.51
P5_H,horizontal,push,zone,two_tactor,190.6,27.04,209.62,7175.53
P5_H,horizontal,push,linear,two_tactor,116.28,49.09,389.79,13423.29
P5_H,horizontal,push,linear,two_tactor,301.37,34.83,278.09,10214.67
P5_H,horizontal,push,linear,two_tactor,143.82,34.05,364.24,10901.46
P5_H,horizontal,push,zone,worst_axis,79.31,37.81,226.46,10005.76
P5_H,horizontal,push,zone,worst_axis,95.16,30.74,244.18,9665.22
P5_H,horizontal,push,zone,worst_axis,45.34,33.06,279.78,12526.36
P5_H,horizontal,push,linear,worst_axis,61.61,36.23,209.81,7837.68
P5_H,horizontal,push,linear,worst_axis,62.88,28.73,333.75,10002.48
P5_H,horizontal,push,linear,worst_axis,64.78,37.35,277.85,10227.61
P6_H,horizontal,push,linear,worst_axis,196.6,16.3,173.62,6730.78
P6_H,horizontal,push,linear,worst_axis,98.45,15.22,152.6,5271.13
P6_H,horizontal,push,linear,worst_axis,73.9,16.18,130.59,5499.78
P6_H,horizontal,push,zone,worst_axis,158.95,15.55,142.38,5338.71
P6_H,horizontal,push,zone,worst_axis,139.4,12.68,135.52,5361.11
P6_H,horizontal,push,zone,worst_axis,157.84,11,104.09,4004.15
P6_H,horizontal,push,linear,two_tactor,261.17,23.77,238.03,9109.13
P6_H,horizontal,push,linear,two_tactor,341.61,18.89,197.3,7428.61
P6_H,horizontal,push,linear,two_tactor,106.25,18.16,168.72,6408.81
P6_H,horizontal,push,zone,two_tactor,131.46,13.63,120.62,4922.23
P6_H,horizontal,push,zone,two_tactor,130.9,15.37,149.79,5648.17
P6_H,horizontal,push,zone,two_tactor,366.24,17.12,195.64,7802.62
P6_H,horizontal,pull,linear,two_tactor,374.6,16.88,171.27,6102.66
P6_H,horizontal,pull,linear,two_tactor,78.43,17.93,168.44,4725.36
P6_H,horizontal,pull,linear,two_tactor,292.06,18.21,147.35,5856.21
P6_H,horizontal,pull,zone,two_tactor,78.11,15.31,179.39,5929.57
P6_H,horizontal,pull,zone,two_tactor,164.89,18.18,168.56,6347.43
P6_H,horizontal,pull,zone,two_tactor,85.21,13.37,129.28,5089.72
P6_H,horizontal,pull,linear,worst_axis,174.98,15.34,141.99,5397.84
P6_H,horizontal,pull,linear,worst_axis,130.95,16.39,164.02,6093.93
P6_H,horizontal,pull,linear,worst_axis,143.98,13.78,142.4,4913.67
P6_H,horizontal,pull,zone,worst_axis,220.17,19.22,193.48,6494.98
P6_H,horizontal,pull,zone,worst_axis,163.95,15.97,163.48,6340.03
P6_H,horizontal,pull,zone,worst_axis,118,16.66,185.29,6449.93
P6_V,vertical,pull,zone,two_tactor,80.25,16.33,152.8,5729.81
P6_V,vertical,pull,zone,two_tactor,127.91,13.22,127.98,4956.28
P6_V,vertical,pull,zone,two_tactor,109.61,14.76,139.05,4725.3
P6_V,vertical,pull,linear,two_tactor,141.07,10.32,104.63,3993.17
P6_V,vertical,pull,linear,two_tactor,68.38,15.1,125.46,4968.1
P6_V,vertical,pull,linear,two_tactor,160.96,25.66,233.77,10285.68
P6_V,vertical,pull,zone,worst_axis,90.7,15.19,141.68,5048.74
P6_V,vertical,pull,zone,worst_axis,81.97,13.62,137.84,4970.97
P6_V,vertical,pull,zone,worst_axis,198.59,18.95,167.57,7270.62
P6_V,vertical,pull,linear,worst_axis,175.57,40.49,374.46,15567.74
P6_V,vertical,pull,linear,worst_axis,93.57,16.36,172.58,5506.49
P6_V,vertical,pull,linear,worst_axis,215.9,27.03,244.27,9250.24
P6_V,vertical,push,zone,worst_axis,159.49,23.11,221.86,8086.68
P6_V,vertical,push,zone,worst_axis,225.77,18.42,168.79,6405.49
P6_V,vertical,push,zone,worst_axis,150.71,22.78,173.95,5536.04
P6_V,vertical,push,linear,worst_axis,39097.7,18.98,160.74,6184.06
P6_V,vertical,push,linear,worst_axis,119.98,20.86,171.14,5534.8
P6_V,vertical,push,linear,worst_axis,201.74,20.88,215.15,7345.86
P6_V,vertical,push,zone,two_tactor,106.77,14.94,105.3,3825.71
P6_V,vertical,push,zone,two_tactor,625.87,14.21,124.18,4577.96
P6_V,vertical,push,zone,two_tactor,1019.86,40.16,394.54,15421.06
P6_V,vertical,push,linear,two_tactor,207.07,18.07,150.52,5488.39
P6_V,vertical,push,linear,two_tactor,175.71,15.64,150.46,5580.8
P6_V,vertical,push,linear,two_tactor,2103.3,27.14,244.84,9552.42
P7,horizontal,pull,zone,worst_axis,59.55,99.07,864.68,28681.69
P7,horizontal,pull,zone,worst_axis,452.85,100.22,825.08,25895.15
P7,horizontal,pull,zone,worst_axis,105.67,112.22,1387.87,52698.64
P7,horizontal,pull,linear,worst_axis,569.28,108.63,1127.53,30439.73
P7,horizontal,pull,linear,worst_axis,1015.96,100.43,976.79,36256.35
P7,horizontal,pull,linear,worst_axis,129.13,66.83,577.92,21744.55
P7,horizontal,pull,zone,two_tactor,124.42,68.5,539.63,23152.92
P7,horizontal,pull,zone,two_tactor,3736.86,113.59,964.73,34033.38
P7,horizontal,pull,zone,two_tactor,2187.67,93.69,781.34,31812.88
P7,horizontal,pull,linear,two_tactor,2655.68,104.16,907.28,31422.57
P7,horizontal,pull,linear,two_tactor,635.27,112.86,790.29,28783.23
P7,horizontal,pull,linear,two_tactor,70.42,149.92,952.49,33193.07
P7,horizontal,push,zone,two_tactor,77.88,158.95,1963.81,59716.13
P7,horizontal,push,zone,two_tactor,1019.37,178.52,1370.97,73371.93
P7,horizontal,push,zone,two_tactor,591.45,106.24,906.93,39008.51
P7,horizontal,push,linear,two_tactor,1116.4,132.76,975.73,39293.37
P7,horizontal,push,linear,two_tactor,898.56,117.5,1126.03,36907.58
P7,horizontal,push,linear,two_tactor,2689.37,115.09,926.2,33981.26
P7,horizontal,push,zone,worst_axis,936.05,72.12,882.65,30453.96
P7,horizontal,push,zone,worst_axis,80.12,141.3,2469.57,53557.91
P7,horizontal,push,zone,worst_axis,50.18,123.91,1404.7,41095.27
P7,horizontal,push,linear,worst_axis,432.07,102.26,908.19,33516.74
P7,horizontal,push,linear,worst_axis,115.09,138.45,751.31,35101.63
P7,horizontal,push,linear,worst_axis,82.79,105.73,1101.75,28775.36
P7_V,vertical,push,linear,two_tactor,692.22,52.75,399.59,15497.08
P7_V,vertical,push,linear,two_tactor,2055.58,56.03,494.18,19803.49
P7_V,vertical,push,linear,two_tactor,277.13,58.48,495.22,15114.45
P7_V,vertical,push,zone,two_tactor,773.46,65.26,623.16,22216.85
P7_V,vertical,push,zone,two_tactor,1455.78,60.16,554,18254.8
P7_V,vertical,push,zone,two_tactor,765.91,49.13,446.11,16191.5
P7_V,vertical,push,linear,worst_axis,1145.09,52.48,419.39,18993.45
P7_V,vertical,push,linear,worst_axis,4322.97,57.76,477.96,17856.89
P7_V,vertical,push,linear,worst_axis,647.25,68.82,489.19,18326.3
P7_V,vertical,push,zone,worst_axis,167.39,52.14,364.89,12930.58
P7_V,vertical,push,zone,worst_axis,137.57,77.39,423.98,18414.05
P7_V,vertical,push,zone,worst_axis,674.89,75.26,601.69,19448.53
P7_V,vertical,pull,linear,worst_axis,597.47,61.48,472.64,18334.28
P7_V,vertical,pull,linear,worst_axis,219.8,65.16,694.91,21846.94
P7_V,vertical,pull,linear,worst_axis,370.57,93.66,811.76,25236.17
P7_V,vertical,pull,zone,worst_axis,612.68,60.38,470.16,19219.64
P7_V,vertical,pull,zone,worst_axis,179.66,67.71,390.51,22132.66
P7_V,vertical,pull,zone,worst_axis,157.69,79.13,522.52,16628.27
P7_V,vertical,pull,linear,two_tactor,505.14,69.58,571.81,21025.12
P7_V,vertical,pull,linear,two_tactor,239.48,86.68,701.09,25545.37
P7_V,vertical,pull,linear,two_tactor,1347.94,79.47,658.42,21543.95
P7_V,vertical,pull,zone,two_tactor,2831.03,75.13,569.76,22103.03
P7_V,vertical,pull,zone,two_tactor,176.43,49.93,423.14,17075.91
P7_V,vertical,pull,zone,two_tactor,4845.63,77.85,603.7,20780.91
P8_H,horizontal,push,linear,worst_axis,102.82,20.51,225.92,7885.83
P8_H,horizontal,push,linear,worst_axis,123.43,27.59,252.05,8558.56
P8_H,horizontal,push,linear,worst_axis,96.6,21.26,182.22,6658.42
P8_H,horizontal,push,zone,worst_axis,106.6,28.73,240.71,8337.73
P8_H,horizontal,push,zone,worst_axis,63.97,19.25,193.41,7559.1
P8_H,horizontal,push,zone,worst_axis,80.69,23.05,229.31,9009.35
P8_H,horizontal,push,linear,two_tactor,216.52,35.68,332.36,10853.26
P8_H,horizontal,push,linear,two_tactor,148.48,38.77,380.87,11925.64
P8_H,horizontal,push,linear,two_tactor,231.97,31.64,287.68,15221.77
P8_H,horizontal,push,zone,two_tactor,1350.68,29.9,269.03,9514.02
P8_H,horizontal,push,zone,two_tactor,176.94,36.69,400.16,16662.18
P8_H,horizontal,push,zone,two_tactor,48.57,28.65,285.6,10877.59
P8_H,horizontal,pull,linear,two_tactor,579.01,30.46,288.12,13055.92
P8_H,horizontal,pull,linear,two_tactor,104.93,30.59,333.52,12157.69
P8_H,horizontal,pull,linear,two_tactor,76.37,47.29,294.54,10384.24
P8_H,horizontal,pull,zone,two_tactor,2053.26,52.51,681.48,18418.06
P8_H,horizontal,pull,zone,two_tactor,86.6,43.28,426.4,15263.41
P8_H,horizontal,pull,zone,two_tactor,36.79,46.84,631.98,14888.6
P8_H,horizontal,pull,linear,worst_axis,375.32,41.95,305.84,9065.79
P8_H,horizontal,pull,linear,worst_axis,266.4,35.46,334.53,9902.46
P8_H,horizontal,pull,linear,worst_axis,49.96,30.04,253.52,10295.14
P8_H,horizontal,pull,zone,worst_axis,391.91,44.65,482.63,11823.95
P8_H,horizontal,pull,zone,worst_axis,72.46,36.61,382.51,12986.25
P8_H,horizontal,pull,zone,worst_axis,55.45,58.39,527.91,15741.05
P8_V_2,vertical,pull,zone,two_tactor,98.05,33.19,336.82,10420.97
P8_V_2,vertical,pull,zone,two_tactor,89.13,34.29,301.02,12377.6
P8_V_2,vertical,pull,zone,two_tactor,79.62,40.28,377.42,10943.33
P8_V_2,vertical,pull,linear,two_tactor,61.25,44.8,323.87,11131.79
P8_V_2,vertical,pull,linear,two_tactor,85.26,58.17,257.32,7721.85
P8_V_2,vertical,pull,linear,two_tactor,123.99,44.76,450.88,15733.45
P8_V_2,vertical,pull,zone,worst_axis,87.08,38.73,386.96,15599.4
P8_V_2,vertical,pull,zone,worst_axis,76.39,42.95,356.37,11554.05
P8_V_2,vertical,pull,zone,worst_axis,97.38,56.1,447.7,15689.4
P8_V_2,vertical,pull,linear,worst_axis,82.21,38.75,406.04,14625.38
P8_V_2,vertical,pull,linear,worst_axis,90.79,58,407.48,18655.61
P8_V_2,vertical,pull,linear,worst_axis,74.01,48.47,380.99,12734.06
P8_V_2,vertical,push,zone,worst_axis,175.5,35.77,358.1,15188.06
P8_V_2,vertical,push,zone,worst_axis,139.18,43.94,405.58,13257.6
P8_V_2,vertical,push,zone,worst_axis,193.14,35.97,351.48,12296.68
P8_V_2,vertical,push,linear,worst_axis,193.49,40.03,454.65,18636.84
P8_V_2,vertical,push,linear,worst_axis,114.95,35.09,380.75,13363.35
P8_V_2,vertical,push,linear,worst_axis,131.76,44.79,437.84,15023.03
P8_V_2,vertical,push,zone,two_tactor,219.35,47.38,483.63,19143.22
P8_V_2,vertical,push,zone,two_tactor,246.77,66.18,428.6,14360.46
P8_V_2,vertical,push,zone,two_tactor,126.59,47.89,430.36,16299.4
P8_V_2,vertical,push,linear,two_tactor,148.84,60.45,615.25,21852.36
P8_V_2,vertical,push,linear,two_tactor,182.66,52.87,365.14,18234.3
P8_V_2,vertical,push,linear,two_tactor,341.87,55.62,487.21,16456.77
P9_H,horizontal,pull,zone,worst_axis,133.96,64.23,954.89,37310.8
P9_H,horizontal,pull,zone,worst_axis,1730.64,58.19,645.24,25635.64
P9_H,horizontal,pull,zone,worst_axis,86.57,30.01,474.65,17624.64
P9_H,horizontal,pull,linear,worst_axis,605.72,49.53,606.76,22996.58
P9_H,horizontal,pull,linear,worst_axis,144.05,44.48,796.11,27820.98
P9_H,horizontal,pull,linear,worst_axis,542.09,91.97,1040.1,40678.22
P9_H,horizontal,pull,zone,two_tactor,1142.05,71.04,802.96,33159.29
P9_H,horizontal,pull,zone,two_tactor,2415.87,127.41,1206.83,55505.58
P9_H,horizontal,pull,zone,two_tactor,484.13,199.77,1268.64,65091.62
P9_H,horizontal,pull,linear,two_tactor,610.89,80.8,973.01,35215.76
P9_H,horizontal,pull,linear,two_tactor,326.08,100.35,1214.85,62747.63
P9_H,horizontal,pull,linear,two_tactor,101.06,45.71,571.74,26580.63
P9_H,horizontal,push,zone,two_tactor,803.49,45.41,565.94,22180.57
P9_H,horizontal,push,zone,two_tactor,1196.17,84.82,732.87,33578.86
P9_H,horizontal,push,zone,two_tactor,512.65,60.85,938.58,37925.22
P9_H,horizontal,push,linear,two_tactor,389.57,65.32,744.51,34999.62
P9_H,horizontal,push,linear,two_tactor,547.35,55.36,752.05,29344.52
P9_H,horizontal,push,linear,two_tactor,448.36,127.04,1397.57,72725.28
P9_H,horizontal,push,zone,worst_axis,507.36,61.17,866.56,38643.84
P9_H,horizontal,push,zone,worst_axis,1008.24,75.81,768.31,34191.6
P9_H,horizontal,push,zone,worst_axis,421.84,39.43,482.54,21117.99
P9_H,horizontal,push,linear,worst_axis,521.26,48.48,565.32,24091.48
P9_H,horizontal,push,linear,worst_axis,355.89,74.36,855,31387.49
P9_H,horizontal,push,linear,worst_axis,303.3,52.69,648.78,26452.11
P9_V,vertical,push,linear,two_tactor,2037.73,69.89,688.09,27221.64
P9_V,vertical,push,linear,two_tactor,744.18,42.77,440.85,17152.3
P9_V,vertical,push,linear,two_tactor,682.3,32.43,330.24,12098.83
P9_V,vertical,push,zone,two_tactor,619.95,67.79,601.31,23819.1
P9_V,vertical,push,zone,two_tactor,197.4,36.29,350.8,11496.14
P9_V,vertical,push,zone,two_tactor,1139.11,53.57,441.52,17434.47
P9_V,vertical,push,linear,worst_axis,404.17,59.06,525.5,24268.57
P9_V,vertical,push,linear,worst_axis,1808.26,60.18,500.91,18645.82
P9_V,vertical,push,linear,worst_axis,150.24,67.7,539.91,18929.36
P9_V,vertical,push,zone,worst_axis,1281.85,76.68,640.4,25613.65
P9_V,vertical,push,zone,worst_axis,409.65,33.3,343.86,12343.62
P9_V,vertical,push,zone,worst_axis,613.12,54.49,446.19,14959.47
P9_V,vertical,pull,linear,worst_axis,80.88,32.21,351.65,11074.5
P9_V,vertical,pull,linear,worst_axis,118.44,42.05,564.8,17882.94
P9_V,vertical,pull,linear,worst_axis,78.38,20.99,303.56,9848.29
P9_V,vertical,pull,zone,worst_axis,76.01,26.67,271.26,8323.04
P9_V,vertical,pull,zone,worst_axis,116.07,39.1,375.5,12521.04
P9_V,vertical,pull,zone,worst_axis,108.29,24.26,240.9,9463.37
P9_V,vertical,pull,linear,two_tactor,61.18,31.95,298.57,11147.31
P9_V,vertical,pull,linear,two_tactor,431.93,36.79,329.13,11650.13
P9_V,vertical,pull,linear,two_tactor,87.36,34.88,313.53,11520.75
P9_V,vertical,pull,zone,two_tactor,374.2,26.28,323.98,11409.15
P9_V,vertical,pull,zone,two_tactor,89.36,35.82,293,11613.78
P9_V,vertical,pull,zone,two_tactor,74.99,28.74,260.88,9363.71
P10_H,horizontal,push,linear,worst_axis,1252.54,27.36,368.9,16751.68
P10_H,horizontal,push,linear,worst_axis,261.22,20.72,212.48,7871.87
P10_H,horizontal,push,linear,worst_axis,320.24,530.59,370.01,66730.64
P10_H,horizontal,push,zone,worst_axis,389.63,19.33,248.15,10817.18
P10_H,horizontal,push,zone,worst_axis,441.75,26.24,298.23,11778.76
P10_H,horizontal,push,zone,worst_axis,187.36,25.76,280.1,10274.2
P10_H,horizontal,push,linear,two_tactor,777.62,24.33,228.44,8847.41
P10_H,horizontal,push,linear,two_tactor,302.12,16.17,173.13,6889.76
P10_H,horizontal,push,linear,two_tactor,200.19,22.64,223.5,9034.31
P10_H,horizontal,push,zone,two_tactor,160.11,23.04,204.38,7589.14
P10_H,horizontal,push,zone,two_tactor,503.32,29.74,266.37,10380.32
P10_H,horizontal,push,zone,two_tactor,285.12,16.12,196.44,7112.43
P10_H,horizontal,pull,linear,two_tactor,225.87,26.04,246.8,9479.21
P10_H,horizontal,pull,linear,two_tactor,375.64,39.96,377.62,15094.17
P10_H,horizontal,pull,linear,two_tactor,360.7,19.31,189.81,7039.66
P10_H,horizontal,pull,zone,two_tactor,293.19,51.86,555.09,20638.78
P10_H,horizontal,pull,zone,two_tactor,468,22.16,212.04,8641.47
P10_H,horizontal,pull,zone,two_tactor,309.38,49.82,561.03,20284.06
P10_H,horizontal,pull,linear,worst_axis,383.53,23.59,236.11,8961.9
P10_H,horizontal,pull,linear,worst_axis,147.82,23.66,239.34,9427.08
P10_H,horizontal,pull,linear,worst_axis,98.26,24.31,238.56,8742.62
P10_H,horizontal,pull,zone,worst_axis,103.59,17.11,183.8,7492.71
P10_H,horizontal,pull,zone,worst_axis,87.52,15.91,162.26,6091.24
P10_H,horizontal,pull,zone,worst_axis,81.83,21.81,204.21,7348.56
P10_V,vertical,pull,zone,two_tactor,593.3,60.47,466.91,21158.6
P10_V,vertical,pull,zone,two_tactor,755.02,54.92,554.9,24532.89
P10_V,vertical,pull,zone,two_tactor,2926.15,70.57,575.09,22804.51
P10_V,vertical,pull,linear,two_tactor,2805.67,54.71,468.9,18773.11
P10_V,vertical,pull,linear,two_tactor,1123.2,58.46,564.36,21263.71
P10_V,vertical,pull,linear,two_tactor,312.63,51.11,528.39,21186.19
P10_V,vertical,pull,zone,worst_axis,655.4,60.76,535.89,23126.7
P10_V,vertical,pull,zone,worst_axis,756.83,62.76,560.01,21592.84
P10_V,vertical,pull,zone,worst_axis,936.43,75.66,706.03,24262.79
P10_V,vertical,pull,linear,worst_axis,744.26,63.85,653.39,27853.02
P10_V,vertical,pull,linear,worst_axis,144.69,56.53,390.62,16784.44
P10_V,vertical,pull,linear,worst_axis,508.79,69.88,754.3,32380.76
P10_V,vertical,push,zone,worst_axis,1280.8,45.77,416.11,16895.29
P10_V,vertical,push,zone,worst_axis,1465.01,55.95,483.59,20693.73
P10_V,vertical,push,zone,worst_axis,467.02,55.1,483.34,17387.42
P10_V,vertical,push,linear,worst_axis,931.43,77.81,638.61,26069.24
P10_V,vertical,push,linear,worst_axis,447.91,71.45,560.7,27642.93
P10_V,vertical,push,linear,worst_axis,361.18,66.51,731.85,22937.91
P10_V,vertical,push,zone,two_tactor,1359.31,55.03,405.75,17899.81
P10_V,vertical,push,zone,two_tactor,282.3,69.19,625.62,23384.67
P10_V,vertical,push,zone,two_tactor,697.62,58.27,549.55,20170.6
P10_V,vertical,push,linear,two_tactor,889.75,55.17,420.33,16947.15
P10_V,vertical,push,linear,two_tactor,3243.26,72.78,629.42,22827.88
P10_V,vertical,push,linear,two_tactor,2721.28,57.03,529.89,21499.41
P11_H,horizontal,pull,zone,worst_axis,145.95,68.22,465.15,12995.12
P11_H,horizontal,pull,zone,worst_axis,123.97,36.74,414.96,15968.47
P11_H,horizontal,pull,zone,worst_axis,66.08,32.02,376.31,13423.83
P11_H,horizontal,pull,linear,worst_axis,165.03,42.47,547.03,24868.74
P11_H,horizontal,pull,linear,worst_axis,133.1,37.6,311.39,11613.92
P11_H,horizontal,pull,linear,worst_axis,161.85,60.27,669.45,28793.01
P11_H,horizontal,pull,zone,two_tactor,808.51,38.66,373.24,12487.02
P11_H,horizontal,pull,zone,two_tactor,449.99,47.39,699.26,29379.96
P11_H,horizontal,pull,zone,two_tactor,93.96,41.74,452.56,17509.51
P11_H,horizontal,pull,linear,two_tactor,766.44,35.61,428.65,18130.77
P11_H,horizontal,pull,linear,two_tactor,124.65,30.6,294.63,11570.85
P11_H,horizontal,pull,linear,two_tactor,607.36,57.37,680.9,32539.82
P11_H,horizontal,push,zone,two_tactor,95.55,40.84,363.58,12186.06
P11_H,horizontal,push,zone,two_tactor,81.45,29.27,328.23,12310.72
P11_H,horizontal,push,zone,two_tactor,207.35,54.45,614.15,24082.76
P11_H,horizontal,push,linear,two_tactor,150.37,31.32,391.85,16477.3
P11_H,horizontal,push,linear,two_tactor,239.42,29.97,340.56,12664.5
P11_H,horizontal,push,linear,two_tactor,176.46,48.88,399.07,15215.79
P11_H,horizontal,push,zone,worst_axis,290.1,54.87,515.91,17477.35
P11_H,horizontal,push,zone,worst_axis,399.98,51.99,512.02,18741.27
P11_H,horizontal,push,zone,worst_axis,114.23,39.35,346.21,15559.52
P11_H,horizontal,push,linear,worst_axis,83.37,40.88,322.5,10876.03
P11_H,horizontal,push,linear,worst_axis,102.92,29.15,276.21,9473.73
P11_H,horizontal,push,linear,worst_axis,125.64,54.15,749.28,21411.85
P11_V,vertical,push,linear,two_tactor,544.96,61.45,450.74,18907.49
P11_V,vertical,push,linear,two_tactor,2697.29,57.76,458.04,18480.79
P11_V,vertical,push,linear,two_tactor,3979.59,79.36,464.19,20681.55
P11_V,vertical,push,zone,two_tactor,1523.52,80.48,696.87,27331.51
P11_V,vertical,push,zone,two_tactor,1160.01,76.64,629.21,24453.54
P11_V,vertical,push,zone,two_tactor,596.5,73.35,801.67,29506.88
P11_V,vertical,push,linear,worst_axis,3148.34,64.73,468.28,20609.88
P11_V,vertical,push,linear,worst_axis,359,60.41,521.1,19296.73
P11_V,vertical,push,linear,worst_axis,249.9,60.81,543.74,21490.22
P11_V,vertical,push,zone,worst_axis,1371.48,62.51,484.22,18534.46
P11_V,vertical,push,zone,worst_axis,105.84,47.45,375.36,15597.32
P11_V,vertical,push,zone,worst_axis,331.66,79.15,674.23,22687.68
P11_V,vertical,pull,linear,worst_axis,71.84,39.83,272.24,12152.74
P11_V,vertical,pull,linear,worst_axis,222.67,32.49,327.97,12116.11
P11_V,vertical,pull,linear,worst_axis,141.87,42.08,293.67,9247.2
P11_V,vertical,pull,zone,worst_axis,546.67,58.5,403.35,13748.28
P11_V,vertical,pull,zone,worst_axis,92.55,43.93,316.11,14822.91
P11_V,vertical,pull,zone,worst_axis,325.68,57.9,543.72,18171.98
P11_V,vertical,pull,linear,two_tactor,567.05,106.66,700.64,32020.52
P11_V,vertical,pull,linear,two_tactor,1382.44,69.41,515.1,21741.95
P11_V,vertical,pull,linear,two_tactor,869.12,83.12,640.42,25378.12
P11_V,vertical,pull,zone,two_tactor,294.94,40.86,396.43,16700.06
P11_V,vertical,pull,zone,two_tactor,190.52,38.28,341.97,11258
P11_V,vertical,pull,zone,two_tactor,453.54,49.3,501.6,18770.11
P12_H,horizontal,push,linear,worst_axis,484.45,19.86,177.26,6097.02
P12_H,horizontal,push,linear,worst_axis,130.49,19.19,166.07,5845.75
P12_H,horizontal,push,linear,worst_axis,90.75,18.53,189.86,6649.29
P12_H,horizontal,push,zone,worst_axis,484.68,25.89,207.92,7764.97
P12_H,horizontal,push,zone,worst_axis,82.58,25.99,261.77,8249.45
P12_H,horizontal,push,zone,worst_axis,272.9,23.03,264.47,8178.2
P12_H,horizontal,push,linear,two_tactor,173.98,36.13,292.83,14344.87
P12_H,horizontal,push,linear,two_tactor,315.25,27.13,236.41,8628.68
P12_H,horizontal,push,linear,two_tactor,300.26,22.04,203.17,8280.28
P12_H,horizontal,push,zone,two_tactor,386.24,15.43,147.51,5509.33
P12_H,horizontal,push,zone,two_tactor,135.28,19.7,197.96,6396.36
P12_H,horizontal,push,zone,two_tactor,300.28,24.47,238.68,8610.74
P12_H,horizontal,pull,linear,two_tactor,435.97,20.7,228.94,8718.01
P12_H,horizontal,pull,linear,two_tactor,73.3,19.57,199.2,6733.58
P12_H,horizontal,pull,linear,two_tactor,98.74,21.32,214.82,7713.43
P12_H,horizontal,pull,zone,two_tactor,94.31,24.68,176.04,7391.17
P12_H,horizontal,pull,zone,two_tactor,223.38,27.73,233.16,8304.06
P12_H,horizontal,pull,zone,two_tactor,66.24,20.61,189,6293.41
P12_H,horizontal,pull,linear,worst_axis,68.12,28.78,239.43,8407.1
P12_H,horizontal,pull,linear,worst_axis,97.11,19.59,183.64,6796.6
P12_H,horizontal,pull,linear,worst_axis,225.24,28.16,247.77,7714.44
P12_H,horizontal,pull,zone,worst_axis,330.28,22.14,231.59,8474.81
P12_H,horizontal,pull,zone,worst_axis,339.99,20.16,215.65,7611.15
P12_H,horizontal,pull,zone,worst_axis,185.68,22.71,217.38,7504.68
P12_V,vertical,pull,zone,two_tactor,598.97,27.47,258.29,9218.07
P12_V,vertical,pull,zone,two_tactor,370.5,33.35,337.1,11300.62
P12_V,vertical,pull,zone,two_tactor,348.67,32.42,314.55,12010.88
P12_V,vertical,pull,linear,two_tactor,160.37,33.02,320.21,12515.44
P12_V,vertical,pull,linear,two_tactor,91.12,37.73,383.8,10917.49
P12_V,vertical,pull,linear,two_tactor,167.13,27.95,307.08,11451.54
P12_V,vertical,pull,zone,worst_axis,102.13,39.44,380.52,15368.99
P12_V,vertical,pull,zone,worst_axis,569.56,30.51,261.93,10966.56
P12_V,vertical,pull,zone,worst_axis,111.48,41.04,399.83,15344.58
P12_V,vertical,pull,linear,worst_axis,319.87,37.55,315.92,12456.28
P12_V,vertical,pull,linear,worst_axis,243.96,28.63,229.5,8541.6
P12_V,vertical,pull,linear,worst_axis,264.37,28.96,297.29,10619.77
P12_V,vertical,push,zone,worst_axis,237.3,34.45,284.79,10529.54
P12_V,vertical,push,zone,worst_axis,225.13,23.41,279.91,10497.72
P12_V,vertical,push,zone,worst_axis,528.8,42.02,378.57,14130.06
P12_V,vertical,push,linear,worst_axis,323.76,30.75,333.07,11163.25
P12_V,vertical,push,linear,worst_axis,156.42,25.4,268.84,10668.66
P12_V,vertical,push,linear,worst_axis,277.26,32.81,307.71,10968.86
P12_V,vertical,push,zone,two_tactor,713.74,38.46,372.84,15422.71
P12_V,vertical,push,zone,two_tactor,605.6,30.33,294.14,10696.03
P12_V,vertical,push,zone,two_tactor,243.05,39.94,387.79,16312.23
P12_V,vertical,push,linear,two_tactor,223.35,47.38,430.41,16828.85
P12_V,vertical,push,linear,two_tactor,334.25,39.77,372.68,13323.99
P12_V,vertical,push,linear,two_tactor,314.2,42.57,507.59,19482.67
P14_H,horizontal,push,linear,worst_axis,10602.59,128.44,1196.24,50338.07
P14_H,horizontal,push,linear,worst_axis,1610.82,90.92,998.83,38136.6
P14_H,horizontal,push,linear,worst_axis,1956.58,101.45,894.58,34972.33
P14_H,horizontal,push,zone,worst_axis,2818.37,96.37,953.21,31768.64
P14_H,horizontal,push,zone,worst_axis,90.89,54.85,563.98,17638.15
P14_H,horizontal,push,zone,worst_axis,7946.91,82.82,791.46,31815.81
P14_H,horizontal,push,linear,two_tactor,6546.82,77.96,780.21,29719.07
P14_H,horizontal,push,linear,two_tactor,1006.84,85.56,833.61,40476.44
P14_H,horizontal,push,linear,two_tactor,6613.23,60.54,662.79,25667.4
P14_H,horizontal,push,zone,two_tactor,6524.79,60.29,567.68,22499.83
P14_H,horizontal,push,zone,two_tactor,526.48,96.6,745.63,34065.32
P14_H,horizontal,push,zone,two_tactor,2303.53,73.58,747.83,29357.66
P14_H,horizontal,pull,linear,two_tactor,72.68,64.75,625.73,16153.52
P14_H,horizontal,pull,linear,two_tactor,880.73,64.38,670.36,26327.61
P14_H,horizontal,pull,linear,two_tactor,3811.26,84.65,867.82,38003.5
P14_H,horizontal,pull,zone,two_tactor,582.43,62.38,797.1,26233.12
P14_H,horizontal,pull,zone,two_tactor,2114.72,107.88,898.15,41273.55
P14_H,horizontal,pull,zone,two_tactor,752.08,52.79,547.52,19165.67
P14_H,horizontal,pull,linear,worst_axis,118.04,51.9,669.63,23626.33
P14_H,horizontal,pull,linear,worst_axis,362.23,54.14,709.45,27790.55
P14_H,horizontal,pull,linear,worst_axis,60.35,53.52,618.59,22681.78
P14_H,horizontal,pull,zone,worst_axis,3386.83,531.19,2798.12,136135
P14_H,horizontal,pull,zone,worst_axis,197.21,74.26,655.07,28916.59
P14_H,horizontal,pull,zone,worst_axis,1249.99,89.3,941.36,36777.09
P14_V,vertical,pull,zone,two_tactor,4162.59,50.45,457.23,19061.28
P14_V,vertical,pull,zone,two_tactor,571.59,60.16,607.27,24972.17
P14_V,vertical,pull,zone,two_tactor,321.08,67.4,530.25,26307.12
P14_V,vertical,pull,linear,two_tactor,715.81,48.97,322.7,13000.43
P14_V,vertical,pull,linear,two_tactor,421.39,50.05,391.52,18803.45
P14_V,vertical,pull,linear,two_tactor,860.95,54.32,436.62,15143.44
P14_V,vertical,pull,zone,worst_axis,283.28,66.41,652.72,19121.72
P14_V,vertical,pull,zone,worst_axis,209.77,110.06,781.26,39439.37
P14_V,vertical,pull,zone,worst_axis,104.7,57.69,718.66,19571.25
P14_V,vertical,pull,linear,worst_axis,75.34,98.87,517.87,18801.95
P14_V,vertical,pull,linear,worst_axis,161.6,51.41,453.22,20061.77
P14_V,vertical,pull,linear,worst_axis,1729.97,66.63,514.44,20736.03
P14_V,vertical,push,zone,worst_axis,4366.4,81.72,545.12,25001.92
P14_V,vertical,push,zone,worst_axis,364.96,78.34,891.72,34749.22
P14_V,vertical,push,zone,worst_axis,3107.62,72.85,589.17,25385.79
P14_V,vertical,push,linear,worst_axis,368.45,81.96,432.31,22534.57
P14_V,vertical,push,linear,worst_axis,522.1,54.36,395.99,15941.28
P14_V,vertical,push,linear,worst_axis,115.25,55.57,404.81,30827.17
P14_V,vertical,push,zone,two_tactor,4424.47,72.76,655.24,26090.81
P14_V,vertical,push,zone,two_tactor,1470.76,63.79,467.95,20111.61
P14_V,vertical,push,zone,two_tactor,11490.17,82.22,669.61,27272.05
P14_V,vertical,push,linear,two_tactor,396.75,148.37,1160.86,46765.66
P14_V,vertical,push,linear,two_tactor,1407.98,74.24,768.81,30608.7
P14_V,vertical,push,linear,two_tactor,1640.03,89.62,714.93,29743.58
P15_H,horizontal,pull,zone,worst_axis,92,24.6,176.06,6770.48
P15_H,horizontal,pull,zone,worst_axis,97.12,26.23,271.18,9877.95
P15_H,horizontal,pull,zone,worst_axis,140.43,38.85,386.34,16506.04
P15_H,horizontal,pull,linear,worst_axis,277.17,37.66,322.03,12842.37
P15_H,horizontal,pull,linear,worst_axis,208.96,43.07,394.65,14867.14
P15_H,horizontal,pull,linear,worst_axis,89.65,22.85,259.84,13051.99
P15_H,horizontal,pull,zone,two_tactor,200.72,38.67,385.85,14211.88
P15_H,horizontal,pull,zone,two_tactor,555.98,42.16,397.24,14768.5
P15_H,horizontal,pull,zone,two_tactor,218.63,33.42,286.66,10942.59
P15_H,horizontal,pull,linear,two_tactor,322.34,26.37,262.39,10036.8
P15_H,horizontal,pull,linear,two_tactor,192.96,32.41,336.2,11757.58
P15_H,horizontal,pull,linear,two_tactor,66.05,21.55,197.67,11118.84
P15_H,horizontal,push,zone,two_tactor,221.15,29.05,273.75,10419.9
P15_H,horizontal,push,zone,two_tactor,109.42,24.3,252.67,8662.61
P15_H,horizontal,push,zone,two_tactor,1053.67,44.26,482.22,21383.51
P15_H,horizontal,push,linear,two_tactor,68.32,24.51,241.64,7703.69
P15_H,horizontal,push,linear,two_tactor,324.41,34.67,316.51,11247.89
P15_H,horizontal,push,linear,two_tactor,58.83,21.44,235.26,7137.01
P15_H,horizontal,push,zone,worst_axis,123.02,25.8,238.14,8391.28
P15_H,horizontal,push,zone,worst_axis,183.97,32.47,361.43,16384.57
P15_H,horizontal,push,zone,worst_axis,91.38,39.64,341.66,12596.94
P15_H,horizontal,push,linear,worst_axis,126.82,39.7,356.47,15587.76
P15_H,horizontal,push,linear,worst_axis,56.63,34.21,377.71,11086.06
P15_H,horizontal,push,linear,worst_axis,133.98,32.83,293.48,12946.67
P15_V,vertical,push,linear,two_tactor,3546.99,47.72,390.58,16887.88
P15_V,vertical,push,linear,two_tactor,751.4,52.47,507.52,19834.13
P15_V,vertical,push,linear,two_tactor,3907.86,42.17,373.17,13453.88
P15_V,vertical,push,zone,two_tactor,1287.27,30.7,264.91,9835.65
P15_V,vertical,push,zone,two_tactor,1180.09,44.13,408.27,15375.78
P15_V,vertical,push,zone,two_tactor,198.22,30.68,260.82,8917.92
P15_V,vertical,push,linear,worst_axis,161.76,32.53,313.4,13240.77
P15_V,vertical,push,linear,worst_axis,779.03,27.46,266.79,8539.41
P15_V,vertical,push,linear,worst_axis,817.7,35.48,288.84,11004.45
P15_V,vertical,push,zone,worst_axis,1007.02,38.76,328.39,12963.7
P15_V,vertical,push,zone,worst_axis,153.23,34.57,295.88,11921.99
P15_V,vertical,push,zone,worst_axis,319.16,37.12,289.76,11577.22
P15_V,vertical,pull,linear,worst_axis,325.61,27.43,221.78,6907.14
P15_V,vertical,pull,linear,worst_axis,123.9,23.33,202.12,6883.46
P15_V,vertical,pull,linear,worst_axis,63.11,21.44,203.6,7074.68
P15_V,vertical,pull,zone,worst_axis,406.37,29.54,250.82,8948.81
P15_V,vertical,pull,zone,worst_axis,183.44,29.02,248.71,8172.94
P15_V,vertical,pull,zone,worst_axis,186.95,22.63,200.09,6308.14
P15_V,vertical,pull,linear,two_tactor,141.89,32.34,286.07,10680.98
P15_V,vertical,pull,linear,two_tactor,91.51,28.01,225.89,7611.69
P15_V,vertical,pull,linear,two_tactor,637.6,45.5,395.68,15658.71
P15_V,vertical,pull,zone,two_tactor,81148.61,45238.96,280661.98,12786747.08
P15_V,vertical,pull,zone,two_tactor,128.96,46.21,643.97,22964.9
P15_V,vertical,pull,zone,two_tactor,222.83,39.47,342.24,11153.58
P16_H,horizontal,push,linear,worst_axis,335.95,47.42,606.8,23061.59
P16_H,horizontal,push,linear,worst_axis,271.02,48.04,471.4,18023.41
P16_H,horizontal,push,linear,worst_axis,408.67,49.57,535.3,20275.79
P16_H,horizontal,push,zone,worst_axis,258.84,42.04,470.09,16867.02
P16_H,horizontal,push,zone,worst_axis,305.67,49.72,600.15,22763.32
P16_H,horizontal,push,zone,worst_axis,628.73,40.02,418.62,14751.93
P16_H,horizontal,push,linear,two_tactor,274,37.53,394.35,13276.14
P16_H,horizontal,push,linear,two_tactor,778.36,39.36,487.76,18733.46
P16_H,horizontal,push,linear,two_tactor,728.16,81.45,736.72,34884.36
P16_H,horizontal,push,zone,two_tactor,178.43,30.91,349.2,13622.96
P16_H,horizontal,push,zone,two_tactor,310.63,30.97,324.62,13852.15
P16_H,horizontal,push,zone,two_tactor,374.93,45.45,516.87,20439.34
P16_H,horizontal,pull,linear,two_tactor,938.05,45.1,548.03,21606.28
P16_H,horizontal,pull,linear,two_tactor,1506.84,62.59,656.26,22971.12
P16_H,horizontal,pull,linear,two_tactor,118,44.66,384.06,12426.12
P16_H,horizontal,pull,zone,two_tactor,318.85,54.81,630.04,15876.02
P16_H,horizontal,pull,zone,two_tactor,508.88,45.92,450.2,18206.21
P16_H,horizontal,pull,zone,two_tactor,162.4,79.5,779.17,25194.71
P16_H,horizontal,pull,linear,worst_axis,65.38,34.66,368.41,12851.51
P16_H,horizontal,pull,linear,worst_axis,128.67,49.73,384.25,16965.9
P16_H,horizontal,pull,linear,worst_axis,81.39,32.18,277.42,10457.88
P16_H,horizontal,pull,zone,worst_axis,155.48,37.57,495.54,17518.32
P16_H,horizontal,pull,zone,worst_axis,97.53,52.04,615.66,20245.93
P16_H,horizontal,pull,zone,worst_axis,87.63,26.78,286.35,9470.66
P16_V,vertical,pull,zone,two_tactor,1599.92,45.65,408.25,16471.48
P16_V,vertical,pull,linear,two_tactor,3073.11,64.75,582.06,22810.39
P16_V,vertical,pull,linear,two_tactor,1123.86,46.06,542.05,25374.18
P16_V,vertical,pull,linear,two_tactor,497.99,42.13,319.13,14751.28
P16_V,vertical,pull,zone,worst_axis,606.34,73.55,673.74,33353.43
P16_V,vertical,pull,zone,worst_axis,481.7,138.31,896.01,48609.23
P16_V,vertical,pull,zone,worst_axis,315.59,79.13,956.85,34191.17
P16_V,vertical,pull,linear,worst_axis,184.56,44.54,515.4,16287.02
P16_V,vertical,pull,linear,worst_axis,502.88,47.3,375.32,15448.56
P16_V,vertical,pull,linear,worst_axis,1119.52,51.99,573.86,22553.42
P16_V,vertical,push,zone,worst_axis,494.83,54.54,327.23,17399.79
P16_V,vertical,push,zone,worst_axis,1117.27,105.35,539.76,33051.76
P16_V,vertical,push,zone,worst_axis,293.38,138.34,1365.07,48562.18
P16_V,vertical,push,linear,worst_axis,8187.04,46.54,450.48,18771.62
P16_V,vertical,push,linear,worst_axis,964.54,39.54,277.53,10929.24
P16_V,vertical,push,linear,worst_axis,271.8,43.29,482.48,19931.17
P16_V,vertical,push,zone,two_tactor,248.4,59.33,639.8,22211.04
P16_V,vertical,push,zone,two_tactor,1315.38,76.97,668.78,27478.92
P16_V,vertical,push,zone,two_tactor,696.14,58.37,563.16,22220.96
P16_V,vertical,push,linear,two_tactor,613.92,56.16,527.38,24157.4
P16_V,vertical,push,linear,two_tactor,972.78,47.81,438.43,18018.82
P16_V,vertical,push,linear,two_tactor,376.85,91.06,654.54,34129.31
P17_H,horizontal,pull,zone,worst_axis,474.32,28.99,301.99,11149.2
P17_H,horizontal,pull,zone,worst_axis,140.56,39.46,323.92,12126.97
P17_H,horizontal,pull,zone,worst_axis,123.75,43.56,335.52,13566.9
P17_H,horizontal,pull,linear,worst_axis,530.73,35.34,374.07,14305.08
P17_H,horizontal,pull,linear,worst_axis,371.48,36.96,338.18,12116.86
P17_H,horizontal,pull,linear,worst_axis,201.08,29.43,319,14744
P17_H,horizontal,pull,zone,two_tactor,269.57,36.98,334.07,13488.06
P17_H,horizontal,pull,zone,two_tactor,630.51,36.73,318.71,12337.83
P17_H,horizontal,pull,zone,two_tactor,545.11,59.66,682.77,25150.96
P17_H,horizontal,pull,linear,two_tactor,394.18,26.78,235.96,8699.43
P17_H,horizontal,pull,linear,two_tactor,280.47,24.82,256.23,9837.81
P17_H,horizontal,pull,linear,two_tactor,270.22,28.25,341.04,12326.97
P17_H,horizontal,push,zone,two_tactor,506.37,33.64,296.2,11032.86
P17_H,horizontal,push,zone,two_tactor,206.61,28.75,222.98,8570.7
P17_H,horizontal,push,zone,two_tactor,1599.74,31.15,310.14,11702.51
P17_H,horizontal,push,zone,two_tactor,396.97,32.62,325.36,11148.67
P17_H,horizontal,push,zone,two_tactor,468.65,28.69,270.32,11868.52
P17_H,horizontal,push,zone,two_tactor,628.28,57.96,513.39,17892.73
P17_H,horizontal,push,zone,worst_axis,154.28,33.14,298.17,12282.59
P17_H,horizontal,push,zone,worst_axis,1474.46,32.8,311.26,12172.29
P17_H,horizontal,push,zone,worst_axis,329.25,42.67,398.27,13772.15
P17_H,horizontal,push,linear,worst_axis,572.62,58.41,475.05,18060.53
P17_H,horizontal,push,linear,worst_axis,877.08,37.05,380.6,13342.33
P17_H,horizontal,push,linear,worst_axis,119.52,26.87,256.41,9308.57
P17_V,vertical,push,linear,two_tactor,518.68,55.81,484,17228.44
P17_V,vertical,push,linear,two_tactor,4033.44,60.37,572.8,21851.07
P17_V,vertical,push,linear,two_tactor,1432.96,42.77,452.42,18912.15
P17_V,vertical,push,linear,two_tactor,1974.47,54.88,459.31,17892.05
P17_V,vertical,push,linear,two_tactor,6660.76,63.93,590.97,23718.78
P17_V,vertical,push,zone,two_tactor,2203.65,44.18,455.44,16540.34
P17_V,vertical,push,zone,two_tactor,8655.92,60,524.1,20625.17
P17_V,vertical,push,zone,two_tactor,763.2,55.65,426.97,16326.73
P17_V,vertical,push,linear,worst_axis,614.68,39.82,301.27,11197.35
P17_V,vertical,push,linear,worst_axis,443.47,45.45,441.06,18493.05
P17_V,vertical,push,linear,worst_axis,218.67,35.09,344.2,13408.35
P17_V,vertical,push,zone,worst_axis,960.08,32.69,299.94,12120.76
P17_V,vertical,push,zone,worst_axis,414.29,45.44,396.94,16930.37
P17_V,vertical,push,zone,worst_axis,2861.87,54.28,410.62,16932.83
P17_V,vertical,pull,linear,worst_axis,599.61,42.7,408.98,15814.75
P17_V,vertical,pull,linear,worst_axis,142.3,32.07,293.48,12080.06
P17_V,vertical,pull,linear,worst_axis,1020.31,51.84,462.99,17035.09
P17_V,vertical,pull,zone,worst_axis,386.76,30.64,329.68,12128.99
P17_V,vertical,pull,zone,worst_axis,955.55,37.64,375.15,14595.03
P17_V,vertical,pull,zone,worst_axis,200.89,35.25,313.98,13120.91
P17_V,vertical,pull,linear,two_tactor,1067.19,32.06,268.77,11724.56
P17_V,vertical,pull,linear,two_tactor,383.08,34.37,295.8,12695.19
P17_V,vertical,pull,linear,two_tactor,261.95,38.84,356.64,16083.56
P17_V,vertical,pull,zone,two_tactor,405.36,39.18,331.14,13184.1
P17_V,vertical,pull,zone,two_tactor,687.78,55.76,502.48,18927.93
P17_V,vertical,pull,zone,two_tactor,1358.4,55.43,505.09,19918.89
P18_H,horizontal,push,linear,worst_axis,76.77,22,176.75,7023
P18_H,horizontal,push,linear,worst_axis,137.56,42.36,218.43,8482.56
P18_H,horizontal,push,linear,worst_axis,66.66,23.63,245.06,7312.85
P18_H,horizontal,push,zone,worst_axis,259.03,31.36,296.92,11011.98
P18_H,horizontal,push,zone,worst_axis,101.71,21.86,293.79,9023.63
P18_H,horizontal,push,zone,worst_axis,147.08,41.25,301.23,15944.54
P18_H,horizontal,push,linear,two_tactor,1013.72,26.88,291.8,11346.03
P18_H,horizontal,push,linear,two_tactor,377.96,22.41,217.66,7640.93
P18_H,horizontal,push,linear,two_tactor,444.1,21.86,221.84,8103.62
P18_H,horizontal,push,zone,two_tactor,392.21,21.2,219.54,7307.12
P18_H,horizontal,push,zone,two_tactor,343.93,25.94,279.26,11323.57
P18_H,horizontal,push,zone,two_tactor,260.63,28.77,312.82,11951.05
P18_H,horizontal,pull,linear,two_tactor,316.06,27.06,278.74,10047.65
P18_H,horizontal,pull,linear,two_tactor,134.08,29.76,341.23,11564.95
P18_H,horizontal,pull,linear,two_tactor,313.7,34.6,328.42,11500.84
P18_H,horizontal,pull,zone,two_tactor,148.63,42.21,441.57,14101.06
P18_H,horizontal,pull,zone,two_tactor,169.87,33.38,291.27,9541.02
P18_H,horizontal,pull,zone,two_tactor,305.74,27.1,289.5,10826.13
P18_H,horizontal,pull,linear,worst_axis,135.83,42.75,469.98,14820.46
P18_H,horizontal,pull,linear,worst_axis,87.98,28.67,190.89,7854
P18_H,horizontal,pull,linear,worst_axis,66.83,23.42,253.95,7992.53
P18_H,horizontal,pull,zone,worst_axis,98.67,47.45,467.94,18214.02
P18_H,horizontal,pull,zone,worst_axis,99.68,30.02,339.6,9728.58
P18_H,horizontal,pull,zone,worst_axis,120.29,46.13,407.4,15393.49
P18_V,vertical,pull,zone,two_tactor,104.61,31.53,257.62,8110.91
P18_V,vertical,pull,zone,two_tactor,115.08,25.8,252.25,7902.79
P18_V,vertical,pull,zone,two_tactor,60.07,26.87,285.19,9763.08
P18_V,vertical,pull,linear,two_tactor,66.94,22.08,225.48,7980.66
P18_V,vertical,pull,linear,two_tactor,503.48,30.85,290.89,10910.77
P18_V,vertical,pull,linear,two_tactor,94.76,19.36,196.47,5991.84
P18_V,vertical,pull,zone,worst_axis,121.25,48.12,349.52,12162.98
P18_V,vertical,pull,zone,worst_axis,58.86,23.03,198.32,6321.67
P18_V,vertical,pull,zone,worst_axis,61.12,25.26,246.12,8197.38
P18_V,vertical,pull,linear,worst_axis,54.23,31.61,234.69,9212.98
P18_V,vertical,pull,linear,worst_axis,268.7,415.52,623.18,69440.16
P18_V,vertical,pull,linear,worst_axis,56.91,22.03,250.34,8881.38
P18_V,vertical,push,zone,worst_axis,313.35,31.29,223.01,9152.74
P18_V,vertical,push,zone,worst_axis,134.74,23.06,242.82,8825.3
P18_V,vertical,push,zone,worst_axis,79.15,26.96,262.55,8110.02
P18_V,vertical,push,linear,worst_axis,67.34,21.01,207.55,8648.45
P18_V,vertical,push,linear,worst_axis,56.77,33.95,315.03,10643.72
P18_V,vertical,push,linear,worst_axis,76.94,19.21,169.12,5203.06
P18_V,vertical,push,zone,two_tactor,633.8,22.93,200.44,7580.85
P18_V,vertical,push,zone,two_tactor,114.39,19.64,206.87,6603.22
P18_V,vertical,push,zone,two_tactor,267.99,20.47,191.46,6615.65
P18_V,vertical,push,linear,two_tactor,547.16,396.9,751.31,33057.61
P18_V,vertical,push,linear,two_tactor,61.06,19.95,214.25,6867.02
P18_V,vertical,push,linear,two_tactor,678.08,41.59,326.96,12334.49
P19_H,horizontal,push,zone,two_tactor,871.49,57.4,818.53,31762.45
P19_H,horizontal,push,zone,two_tactor,1338.72,67.79,864.96,36276.73
P19_H,horizontal,push,zone,two_tactor,749.54,61.09,863.79,38200.19
P19_H,horizontal,push,linear,two_tactor,937.31,51.74,712.31,28771.31
P19_H,horizontal,push,linear,two_tactor,1728.68,76.05,1039.37,43197.28
P19_H,horizontal,push,linear,two_tactor,567.38,79.68,879.21,39228.75
P19_H,horizontal,push,zone,worst_axis,284.39,63.38,579.62,24591.23
P19_H,horizontal,push,zone,worst_axis,1692.08,168.25,1601.4,82342.61
P19_H,horizontal,push,zone,worst_axis,550.56,57.63,888.64,38957.46
P19_H,horizontal,push,linear,worst_axis,291.84,69.22,790.21,33581.69
P19_H,horizontal,push,linear,worst_axis,516.44,38.06,496.44,20798.6
P19_H,horizontal,push,linear,worst_axis,1572.37,72.23,748.42,32392.66
P19_H,horizontal,pull,zone,worst_axis,274.29,22.08,256.56,10977.27
P19_H,horizontal,pull,zone,worst_axis,749.6,36.47,486.04,18192.74
P19_H,horizontal,pull,zone,worst_axis,393.17,43.99,526.34,24488.78
P19_H,horizontal,pull,linear,worst_axis,323.04,64,819.4,42876.87
P19_H,horizontal,pull,linear,worst_axis,125.46,41.69,563.54,21143.84
P19_H,horizontal,pull,linear,worst_axis,357.77,58.99,795.22,31519.7
P19_H,horizontal,pull,zone,two_tactor,3960.27,83.96,968.74,39338.31
P19_H,horizontal,pull,zone,two_tactor,431.88,26.11,406.05,17386.27
P19_H,horizontal,pull,zone,two_tactor,862.9,33.69,452.44,18013.27
P19_H,horizontal,pull,linear,two_tactor,602.85,50.84,722.39,30829.99
P19_H,horizontal,pull,linear,two_tactor,166.08,28.53,392.44,14284.52
P19_H,horizontal,pull,linear,two_tactor,6423.76,65.07,767.86,32287.99
P19_V,vertical,push,linear,two_tactor,2832.57,36.96,369.07,14874.43
P19_V,vertical,push,linear,two_tactor,991.97,35.48,302.05,12310.73
P19_V,vertical,push,linear,two_tactor,591.27,31.26,291.88,11385.67
P19_V,vertical,push,zone,two_tactor,2509.57,57.53,532.71,21717.37
P19_V,vertical,push,zone,two_tactor,1106.45,39.06,385.63,15677.98
P19_V,vertical,push,zone,two_tactor,2597.76,43.79,405.42,16989.18
P19_V,vertical,push,linear,worst_axis,455.87,16.78,198.98,8137.67
P19_V,vertical,push,linear,worst_axis,796.7,38.9,381.98,14328.93
P19_V,vertical,push,linear,worst_axis,252.7,16.26,190.7,6701.58
P19_V,vertical,push,zone,worst_axis,567.53,20.58,223.86,8303.8
P19_V,vertical,push,zone,worst_axis,145.41,15.32,192.48,6440.87
P19_V,vertical,push,zone,worst_axis,278.37,19.45,217.96,7943.46
P19_V,vertical,pull,linear,worst_axis,1018.98,19.77,214.24,8155.72
P19_V,vertical,pull,linear,worst_axis,131.69,17.74,200.24,7939.71
P19_V,vertical,pull,linear,worst_axis,493.21,22.35,215.55,8027.44
P19_V,vertical,pull,zone,worst_axis,169.51,23.07,266.5,8538.58
P19_V,vertical,pull,zone,worst_axis,515.82,26.97,260.25,9179.75
P19_V,vertical,pull,zone,worst_axis,112.91,18.7,212.49,9073.81
P19_V,vertical,pull,linear,two_tactor,407.01,17.55,218.08,8070.5
P19_V,vertical,pull,linear,two_tactor,289.48,28.54,315.42,11064.32
P19_V,vertical,pull,linear,two_tactor,379.31,19,216.72,8488.4
P19_V,vertical,pull,zone,two_tactor,271.92,40.98,435.96,18149.37
P19_V,vertical,pull,zone,two_tactor,379.17,29.71,252.22,10526.56
P19_V,vertical,pull,zone,two_tactor,241.53,40.14,526.74,17112.53
P20_V,vertical,push,linear,two_tactor,440.2,31.49,229.82,9067.47
P20_V,vertical,push,linear,two_tactor,755.34,45.19,471.79,18381.21
P20_V,vertical,pull,zone,two_tactor,211.74,74.87,449.49,25509.06
P20_V,vertical,pull,zone,two_tactor,222.44,44.41,422.73,16943.44
P20_V,vertical,pull,zone,two_tactor,158.74,36.35,368.18,16829.34
P20_V,vertical,pull,linear,two_tactor,227.68,29.78,341.27,13845.35
P20_V,vertical,pull,linear,two_tactor,206.21,76.03,645.26,23513.49
P20_V,vertical,pull,linear,two_tactor,284.56,60.85,544.02,24032.08
P20_V,vertical,pull,zone,worst_axis,1131.62,74.19,815.82,32432.28
P20_V,vertical,pull,zone,worst_axis,413.6,38.37,362.98,12754.28
P20_V,vertical,pull,zone,worst_axis,70.8,43.2,741.48,30118.84
P20_V,vertical,pull,linear,worst_axis,7040.15,41.48,449.84,18168.59
P20_V,vertical,pull,linear,worst_axis,294.42,56.61,575.72,20468.99
P20_V,vertical,pull,linear,worst_axis,396.89,58.54,697.91,26127.72
P20_V,vertical,push,zone,worst_axis,240.22,43.58,557.38,19101.19
P20_V,vertical,push,zone,worst_axis,574.33,51.51,498.25,19640.27
P20_V,vertical,push,zone,worst_axis,128.99,38.33,348.87,14452.38
P20_V,vertical,push,linear,worst_axis,509.39,59.53,596.8,26256.67
P20_V,vertical,push,linear,worst_axis,199.94,63.47,534,30418.35
P20_V,vertical,push,linear,worst_axis,299.53,62.44,722.36,33015.59
P20_V,vertical,push,zone,two_tactor,1182.09,55.22,556.05,21847.73
P20_V,vertical,push,zone,two_tactor,582.54,53.81,481.9,20320.63
P20_V,vertical,push,zone,two_tactor,425.91,60.01,722.88,24017.86
P20_V,vertical,push,linear,two_tactor,99.2,64.47,646.49,21164.35
P20_H,horizontal,push,linear,worst_axis,219.25,24.43,262.76,10101.62
P20_H,horizontal,push,linear,worst_axis,95.55,19.68,268.96,10638.86
P20_H,horizontal,push,linear,worst_axis,225.9,27.85,353.57,12978.19
P20_H,horizontal,push,zone,worst_axis,127.06,20.36,241.43,10195.59
P20_H,horizontal,push,zone,worst_axis,255.74,20.37,266.54,10214.8
P20_H,horizontal,push,zone,worst_axis,614.98,21.8,259.07,9984.55
P20_H,horizontal,push,linear,two_tactor,693.09,31.97,310.29,13564.02
P20_H,horizontal,push,linear,two_tactor,90.66,41.26,683.95,22944.53
P20_H,horizontal,push,linear,two_tactor,343.8,28.18,362.07,14488.3
P20_H,horizontal,push,zone,two_tactor,941,21.83,277.4,9374.78
P20_H,horizontal,push,zone,two_tactor,1137.88,28.24,365.66,13425.74
P20_H,horizontal,push,zone,two_tactor,104.04,22.62,233.54,10028.99
P20_H,horizontal,pull,linear,two_tactor,605.95,23.52,267.13,9157.02
P20_H,horizontal,pull,linear,two_tactor,634.03,22.25,287.63,9662.24
P20_H,horizontal,pull,linear,two_tactor,148.93,24.57,254.62,10763.12
P20_H,horizontal,pull,zone,two_tactor,366.7,42.99,522.22,21782.42
P20_H,horizontal,pull,zone,two_tactor,237.74,27.26,272.28,9632.8
P20_H,horizontal,pull,zone,two_tactor,177.53,28.12,410.77,16816.88
P20_H,horizontal,pull,linear,worst_axis,350.1,30.2,320.09,13561.08
P20_H,horizontal,pull,linear,worst_axis,161.68,31.54,292.82,12248.4
P20_H,horizontal,pull,linear,worst_axis,9132.58,1444.84,1806.89,96850.49
P20_H,horizontal,pull,zone,worst_axis,746.57,46.81,639.68,26973.88
P20_H,horizontal,pull,zone,worst_axis,145.98,32.91,395.92,16030.17
P20_H,horizontal,pull,zone,worst_axis,167.45,52.51,946.4,42441.8
P21_H,horizontal,pull,zone,worst_axis,1068.16,90.21,899.61,30234.01
P21_H,horizontal,pull,zone,worst_axis,861.64,154.13,1410.94,65090.24
P21_H,horizontal,pull,zone,worst_axis,125.75,42.33,479.44,19692.26
P21_H,horizontal,pull,linear,worst_axis,616.53,88.39,977.75,51204.67
P21_H,horizontal,pull,linear,worst_axis,656.2,139.55,1242.87,47474.19
P21_H,horizontal,pull,linear,worst_axis,694.98,104.46,1123.93,35329.73
P21_H,horizontal,pull,zone,two_tactor,601.94,83.51,890.41,35987.34
P21_H,horizontal,pull,zone,two_tactor,5193.68,106.81,1075.6,39561.1
P21_H,horizontal,pull,zone,two_tactor,1007.45,84.74,707.87,25709.71
P21_H,horizontal,pull,linear,two_tactor,1081.86,72.92,815.27,33835.94
P21_H,horizontal,pull,linear,two_tactor,482.99,66.31,743.37,27364.17
P21_H,horizontal,pull,linear,two_tactor,1075.69,63.07,667.42,26191.05
P21_H,horizontal,push,zone,two_tactor,1183.89,82.88,823.17,30403.56
P21_H,horizontal,push,zone,two_tactor,466.36,77.09,850.65,34124.42
P21_H,horizontal,push,zone,two_tactor,648.04,80.27,926.79,34283.81
P21_H,horizontal,push,linear,two_tactor,3046.26,93.97,848.65,30426.62
P21_H,horizontal,push,linear,two_tactor,879.09,75.16,786.2,28446.63
P21_H,horizontal,push,linear,two_tactor,1374.95,64.17,707,25078.1
P21_H,horizontal,push,zone,worst_axis,282.76,77.51,876.58,45191.77
P21_H,horizontal,push,zone,worst_axis,1854.56,91.76,945.86,34796.76
P21_H,horizontal,push,zone,worst_axis,234.27,56.87,525.77,21476.41
P21_H,horizontal,push,linear,worst_axis,1984.23,95.78,832.52,34729.54
P21_H,horizontal,push,linear,worst_axis,215.57,55.78,602.3,19498.28
P21_H,horizontal,push,linear,worst_axis,263.81,52.48,472.18,18159.38
P21_V,vertical,push,linear,two_tactor,2307.18,66.23,584.43,22484.85
P21_V,vertical,push,linear,two_tactor,4050.22,119.93,803.69,35101.44
P21_V,vertical,push,linear,two_tactor,1376.92,65.67,546.31,19998.72
P21_V,vertical,push,zone,two_tactor,3131.58,90.82,609.31,28487.54
P21_V,vertical,push,zone,two_tactor,2053.69,68.07,632.61,24821.93
P21_V,vertical,push,zone,two_tactor,840.72,62.31,595.89,24530.52
P21_V,vertical,push,linear,worst_axis,2107.93,55.46,548.47,20779.69
P21_V,vertical,push,linear,worst_axis,995.33,56.6,522.11,19932.58
P21_V,vertical,push,linear,worst_axis,3510.13,73.5,580.1,22741.31
P21_V,vertical,push,zone,worst_axis,595.08,49.65,471.67,19564.35
P21_V,vertical,push,zone,worst_axis,4114.46,96.89,740.89,30953.1
P21_V,vertical,push,zone,worst_axis,3911.46,151.5,884.84,41898.93
P21_V,vertical,pull,linear,worst_axis,959.76,82.25,682.72,23648.01
P21_V,vertical,pull,linear,worst_axis,518.53,68.69,688.29,24371.77
P21_V,vertical,pull,linear,worst_axis,480.78,85.85,633.08,32917.22
P21_V,vertical,pull,zone,worst_axis,1804.7,51.89,510.73,19646.75
P21_V,vertical,pull,zone,worst_axis,1402.79,82.72,714.49,28486.04
P21_V,vertical,pull,zone,worst_axis,2629.41,85.29,668.65,24544.12
P21_V,vertical,pull,linear,two_tactor,3442.5,91.78,754.21,29380.57
P21_V,vertical,pull,linear,two_tactor,1799.57,66.76,563.66,23923.19
P21_V,vertical,pull,linear,two_tactor,1558.2,93.64,732.35,26951.15
P21_V,vertical,pull,zone,two_tactor,1005.03,50.65,453.79,18747.88
P21_V,vertical,pull,zone,two_tactor,948.07,88.04,878.46,32496.8
P21_V,vertical,pull,zone,two_tactor,422.02,52.38,521.09,21102.52
P22_H,horizontal,push,linear,worst_axis,236.82,26.71,265.55,8907.42
P22_H,horizontal,push,linear,worst_axis,161.22,24.5,228.95,8135.37
P22_H,horizontal,push,linear,worst_axis,134.55,20.85,194.57,8733.68
P22_H,horizontal,push,zone,worst_axis,347.04,22.83,270.94,10381.54
P22_H,horizontal,push,zone,worst_axis,99.45,23.7,242.07,8533.36
P22_H,horizontal,push,zone,worst_axis,144.41,25.68,229.42,7525.34
P22_H,horizontal,push,linear,two_tactor,468.71,22.39,226.61,8415.44
P22_H,horizontal,push,linear,two_tactor,367.47,22.36,246.85,9107.16
P22_H,horizontal,push,linear,two_tactor,131.37,18.39,198,7950.01
P22_H,horizontal,push,zone,two_tactor,194.72,19.72,228.82,8792.33
P22_H,horizontal,push,zone,two_tactor,95.49,23.31,261.5,10002.72
P22_H,horizontal,push,zone,two_tactor,241.48,29.03,259.69,10350.52
P22_H,horizontal,pull,linear,two_tactor,425.65,24.66,233.81,8628.49
P22_H,horizontal,pull,linear,two_tactor,177.51,24.48,293.6,11040.21
P22_H,horizontal,pull,linear,two_tactor,202.66,23.98,237.04,9040.94
P22_H,horizontal,pull,zone,two_tactor,134.27,25.82,268.47,10375.11
P22_H,horizontal,pull,zone,two_tactor,85.28,26.13,352.14,10329.85
P22_H,horizontal,pull,zone,two_tactor,90.95,36.18,407.62,15828.43
P22_H,horizontal,pull,linear,worst_axis,83.68,33.66,393.57,12193.09
P22_H,horizontal,pull,linear,worst_axis,90.52,40.24,482.95,16054.46
P22_H,horizontal,pull,linear,worst_axis,86.06,29.13,324.69,8987.64
P22_H,horizontal,pull,zone,worst_axis,86.37,32.76,305.93,10600.28
P22_H,horizontal,pull,zone,worst_axis,75.61,32.22,399.94,10640.87
P22_H,horizontal,pull,zone,worst_axis,73.67,28.36,336.54,13895.59
P22_V,vertical,pull,zone,two_tactor,505.84,48.91,451.5,14135.37
P22_V,vertical,pull,zone,two_tactor,202.73,36.93,396.68,12408.67
P22_V,vertical,pull,zone,two_tactor,235.9,37.92,420.53,15666.68
P22_V,vertical,pull,linear,two_tactor,137.75,43.99,403.29,14379.05
P22_V,vertical,pull,linear,two_tactor,268.27,41.36,395.37,13468.38
P22_V,vertical,pull,linear,two_tactor,4392.94,79.1,682.41,27992.56
P22_V,vertical,pull,zone,worst_axis,337.07,51.45,505.2,16956.83
P22_V,vertical,pull,zone,worst_axis,346.54,52.41,431.44,23738.17
P22_V,vertical,pull,zone,worst_axis,141.62,29.4,305.83,11428.82
P22_V,vertical,pull,linear,worst_axis,310,53.18,444.78,17420.75
P22_V,vertical,pull,linear,worst_axis,118.1,34.84,304.64,11426.83
P22_V,vertical,pull,linear,worst_axis,231.33,64.33,498.85,21906.42
P22_V,vertical,push,zone,worst_axis,2236.23,100.4,875.74,36051.15
P22_V,vertical,push,zone,worst_axis,1151.7,86.36,878.59,35219.71
P22_V,vertical,push,zone,worst_axis,703.64,72.88,618.68,23750.71
P22_V,vertical,push,linear,worst_axis,793.39,68.17,527.87,20042.7
P22_V,vertical,push,linear,worst_axis,120.41,36.45,310.06,10567.02
P22_V,vertical,push,linear,worst_axis,184.14,48.34,539.86,20310.76
P22_V,vertical,push,zone,two_tactor,524.46,50.56,577.27,20937.65
P22_V,vertical,push,zone,two_tactor,568.27,59.59,545.35,22148.4
P22_V,vertical,push,zone,two_tactor,1675.38,66.87,525.06,21719.78
P22_V,vertical,push,linear,two_tactor,354.47,45.42,411.46,14298.18
P22_V,vertical,push,linear,two_tactor,583.53,71.03,842.62,34166.7
P22_V,vertical,push,linear,two_tactor,629.8,80.99,700.41,35305.92
P23_H,horizontal,pull,zone,worst_axis,299.96,69.89,781.46,30333.1
P23_H,horizontal,pull,zone,worst_axis,222.99,135.28,1713.82,63794.78
P23_H,horizontal,pull,zone,worst_axis,157.25,182.4,2186.78,101307.14
P23_H,horizontal,pull,linear,worst_axis,7944.68,118.46,1150.46,42367.3
P23_H,horizontal,pull,linear,worst_axis,263.09,68.41,605.18,23031.72
P23_H,horizontal,pull,linear,worst_axis,280.06,138.13,1492.5,43454.66
P23_H,horizontal,pull,zone,two_tactor,1118.31,92.03,899.28,37469.77
P23_H,horizontal,pull,zone,two_tactor,138.17,109.04,1211.94,42009.61
P23_H,horizontal,pull,zone,two_tactor,60.01,162.83,1297.7,61894.88
P23_H,horizontal,pull,linear,two_tactor,2447.13,111.17,1019.9,40159.48
P23_H,horizontal,pull,linear,two_tactor,848.06,109.12,1070.62,40359.47
P23_H,horizontal,pull,linear,two_tactor,544.51,116.74,1344.97,44940.22
P23_H,horizontal,push,zone,two_tactor,1260.69,94.48,1009.55,35624.62
P23_H,horizontal,push,zone,two_tactor,641.54,81.06,653.43,25931.75
P23_H,horizontal,push,zone,two_tactor,364.81,80.2,736.93,30989.88
P23_H,horizontal,push,linear,two_tactor,759.6,126.65,1090.12,45835.37
P23_H,horizontal,push,linear,two_tactor,772.36,118.29,1309.34,44340.23
P23_H,horizontal,push,linear,two_tactor,299.86,122.04,1086.8,38243.55
P23_H,horizontal,push,zone,worst_axis,998.54,113.15,1151.82,38106.54
P23_H,horizontal,push,zone,worst_axis,518.99,87.08,976.43,35693.74
P23_H,horizontal,push,zone,worst_axis,1029.2,142.33,1330.55,57422.3
P23_H,horizontal,push,linear,worst_axis,3299.39,90.37,1001.13,26177
P23_H,horizontal,push,linear,worst_axis,242.91,117.73,1134.63,43650.78
P23_H,horizontal,push,linear,worst_axis,488.59,94.33,872.79,33150.89
P23_V,vertical,push,linear,two_tactor,982.1,53.51,508.97,17828.99
P23_V,vertical,push,linear,two_tactor,804.72,66.05,530.93,19128.02
P23_V,vertical,push,linear,two_tactor,643.64,54.08,442.17,18237.69
P23_V,vertical,push,zone,two_tactor,1852.31,69.69,793.36,27905.92
P23_V,vertical,push,zone,two_tactor,1212.73,84.74,669.56,32264.07
P23_V,vertical,push,zone,two_tactor,1452.61,94.54,690.23,30704.43
P23_V,vertical,push,linear,worst_axis,93.14,53.4,388.82,14922.94
P23_V,vertical,push,linear,worst_axis,252.8,70.53,629.02,25225.19
P23_V,vertical,push,linear,worst_axis,485.33,60.62,546.76,19866.84
P23_V,vertical,push,zone,worst_axis,545.84,71.09,601.1,24796.86
P23_V,vertical,push,zone,worst_axis,935.05,74.43,610.06,26672.07
P23_V,vertical,push,zone,worst_axis,374.81,107.62,894.91,37290.35
P23_V,vertical,pull,linear,worst_axis,183.39,70.05,560.77,28805.17
P23_V,vertical,pull,linear,worst_axis,203.99,118.35,1384.21,43884.53
P23_V,vertical,pull,linear,worst_axis,1853.6,58.08,513.67,20306.49
P23_V,vertical,pull,zone,worst_axis,822.96,70.67,609.94,20090.06
P23_V,vertical,pull,zone,worst_axis,1015.47,80.88,524.65,19186.91
P23_V,vertical,pull,zone,worst_axis,177.14,57.69,572.29,22842.8
P23_V,vertical,pull,linear,two_tactor,132.11,73.19,340.6,20385.96
P23_V,vertical,pull,linear,two_tactor,6749.02,89.51,655.27,29002.82
P23_V,vertical,pull,linear,two_tactor,2050.52,72.22,668.58,25340.07
P23_V,vertical,pull,zone,two_tactor,799.01,105.02,971.66,36617.33
P23_V,vertical,pull,zone,two_tactor,255.15,50.8,439.72,17967.99
P23_V,vertical,pull,zone,two_tactor,1881.75,89.85,798.87,27979.85
