P1_H,horizontal,pull,zone,worst_axis,305.57,11.46,-6.74,648.45
P1_H,horizontal,pull,zone,worst_axis,95.78,12.13,-0.8,-301.86
P1_H,horizontal,pull,zone,worst_axis,114.61,22.57,6.27,1611.7
P1_H,horizontal,pull,linear,worst_axis,215.53,17.49,-3.67,998.85
P1_H,horizontal,pull,linear,worst_axis,266.31,13.39,-3.11,206.01
P1_H,horizontal,pull,linear,worst_axis,158.45,24.43,5.48,208.57
P1_H,horizontal,pull,zone,two_tactor,506.59,15.05,-6.65,907.92
P1_H,horizontal,pull,zone,two_tactor,292.23,20.24,-2.27,1258.13
P1_H,horizontal,pull,zone,two_tactor,124.0,19.28,-24.07,839.75
P1_H,horizontal,pull,linear,two_tactor,375.84,37.38,7.87,3180.22
P1_H,horizontal,pull,linear,two_tactor,458.32,15.91,-3.81,919.07
P1_H,horizontal,pull,linear,two_tactor,175.2,16.72,-13.09,350.65
P1_H,horizontal,push,zone,two_tactor,428.51,15.55,2.01,306.82
P1_H,horizontal,push,zone,two_tactor,558.33,12.85,-9.33,528.2
P1_H,horizontal,push,zone,two_tactor,91.45,26.86,-27.06,1266.38
P1_H,horizontal,push,linear,two_tactor,93.43,12.34,-5.79,983.79
P1_H,horizontal,push,linear,two_tactor,239.22,16.58,-4.88,1161.55
P1_H,horizontal,push,linear,two_tactor,396.62,15.81,-17.05,508.91
P1_H,horizontal,push,zone,worst_axis,307.16,8.85,-9.1,571.3
P1_H,horizontal,push,zone,worst_axis,203.91,16.08,-3.12,1563.52
P1_H,horizontal,push,zone,worst_axis,110.64,5.71,-0.08,191.58
P1_H,horizontal,push,linear,worst_axis,168.9,15.88,-12.1,1790.08
P1_H,horizontal,push,linear,worst_axis,99.36,22.66,7.38,1141.55
P1_H,horizontal,push,linear,worst_axis,461.95,22.38,6.0,2206.28
P1,vertical,push,linear,two_tactor,946.65,7.76,-1.14,134.29
P1,vertical,push,linear,two_tactor,354.04,10.28,-8.07,591.41
P1,vertical,push,linear,two_tactor,365.54,9.87,-2.0,519.69
P1,vertical,push,zone,two_tactor,635.5,11.24,-6.34,605.6
P1,vertical,push,zone,two_tactor,292.19,9.78,0.6,518.53
P1,vertical,push,zone,two_tactor,164.07,10.21,2.97,405.98
P1,vertical,push,linear,worst_axis,822.97,8.71,1.32,650.61
P1,vertical,push,linear,worst_axis,247.21,8.45,-11.61,422.88
P1,vertical,push,linear,worst_axis,101.47,6.2,-3.04,288.03
P1,vertical,push,zone,worst_axis,243.35,12.29,-1.87,583.45
P1,vertical,push,zone,worst_axis,198.55,8.68,1.17,246.42
P1,vertical,push,zone,worst_axis,145.64,10.8,-3.03,472.41
P1,vertical,pull,linear,worst_axis,116.57,10.56,-9.11,9.2
P1,vertical,pull,linear,worst_axis,190.89,16.11,-9.29,1118.49
P1,vertical,pull,linear,worst_axis,85.16,12.13,-8.82,627.16
P1,vertical,pull,zone,worst_axis,80.86,19.01,-9.77,2536.98
P1,vertical,pull,zone,worst_axis,49.39,10.42,1.72,315.15
P1,vertical,pull,zone,worst_axis,66.06,19.13,-6.77,1170.47
P1,vertical,pull,linear,two_tactor,354.39,10.53,-21.28,995.95
P1,vertical,pull,linear,two_tactor,260.45,11.97,-2.8,556.56
P1,vertical,pull,linear,two_tactor,108.02,8.29,-0.9,172.89
P1,vertical,pull,zone,two_tactor,764.7,11.86,-7.15,364.22
P1,vertical,pull,zone,two_tactor,711.48,10.58,-7.86,270.69
P1,vertical,pull,zone,two_tactor,250.79,10.96,-4.74,469.85
P2_V_3,vertical,pull,zone,two_tactor,144.58,11.09,-2.51,1.59
P2_V_3,vertical,pull,zone,two_tactor,994.5,16.21,-11.93,727.4
P2_V_3,vertical,pull,zone,two_tactor,273.69,15.74,-22.42,1132.18
P2_V_3,vertical,pull,linear,two_tactor,380.96,21.51,-11.28,1202.82
P2_V_3,vertical,pull,linear,two_tactor,67.09,15.2,13.62,1180.93
P2_V_3,vertical,pull,linear,two_tactor,1101.33,25.16,-27.74,642.22
P2_V_3,vertical,pull,zone,worst_axis,322.82,23.44,-26.62,1517.48
P2_V_3,vertical,pull,zone,worst_axis,159.26,21.32,-34.26,1183.65
P2_V_3,vertical,pull,zone,worst_axis,978.77,17.79,-4.59,672.11
P2_V_3,vertical,pull,linear,worst_axis,6443.33,24.19,-42.73,1070.21
P2_V_3,vertical,pull,linear,worst_axis,231.99,13.13,-7.1,409.22
P2_V_3,vertical,pull,linear,worst_axis,156.89,13.55,-3.95,590.67
P2_V_3,vertical,push,zone,worst_axis,169.78,14.08,-4.91,502.35
P2_V_3,vertical,push,zone,worst_axis,362.25,19.78,-9.7,1445.13
P2_V_3,vertical,push,zone,worst_axis,618.4,16.16,-7.49,527.44
P2_V_3,vertical,push,linear,worst_axis,531.49,17.54,-7.73,241.92
P2_V_3,vertical,push,linear,worst_axis,3970.7,20.73,-15.49,881.41
P2_V_3,vertical,push,linear,worst_axis,831.1,18.39,-16.21,890.94
P2_V_3,vertical,push,zone,two_tactor,242.67,16.66,10.12,550.55
P2_V_3,vertical,push,zone,two_tactor,452.76,24.42,-44.37,408.77
P2_V_3,vertical,push,zone,two_tactor,154.4,20.19,-12.31,847.47
P2_V_3,vertical,push,linear,two_tactor,343.49,20.56,-6.03,578.1
P2_V_3,vertical,push,linear,two_tactor,1123.68,20.34,-10.73,738.36
P2_V_3,vertical,push,linear,two_tactor,479.98,19.64,-7.42,603.71
P2_H,horizontal,push,linear,worst_axis,169.62,5.89,0.2,180.37
P2_H,horizontal,push,linear,worst_axis,186.12,8.79,-7.24,56.11
P2_H,horizontal,push,linear,worst_axis,142.68,6.78,0.86,396.29
P2_H,horizontal,push,zone,worst_axis,446.27,8.03,8.66,92.34
P2_H,horizontal,push,zone,worst_axis,142.92,8.42,5.91,314.06
P2_H,horizontal,push,zone,worst_axis,79.0,7.99,2.04,304.38
P2_H,horizontal,push,linear,two_tactor,170.31,7.74,0.7,-95.28
P2_H,horizontal,push,linear,two_tactor,816.27,10.14,0.66,496.52
P2_H,horizontal,push,linear,two_tactor,274.47,9.79,-4.12,345.91
P2_H,horizontal,push,zone,two_tactor,163.92,9.05,-3.84,364.44
P2_H,horizontal,push,zone,two_tactor,291.32,10.73,-2.75,392.41
P2_H,horizontal,push,zone,two_tactor,207.59,10.62,-5.66,210.68
P2_H,horizontal,pull,linear,two_tactor,196.99,9.62,-6.47,575.49
P2_H,horizontal,pull,linear,two_tactor,48.9,8.62,3.86,573.93
P2_H,horizontal,pull,linear,two_tactor,199.83,11.48,0.7,456.12
P2_H,horizontal,pull,zone,two_tactor,1035.16,12.58,1.85,476.98
P2_H,horizontal,pull,zone,two_tactor,270.85,12.12,6.13,477.99
P2_H,horizontal,pull,zone,two_tactor,53.84,12.0,-11.33,746.32
P2_H,horizontal,pull,linear,worst_axis,73.64,10.75,17.18,587.41
P2_H,horizontal,pull,linear,worst_axis,112.51,9.16,1.9,418.21
P2_H,horizontal,pull,linear,worst_axis,149.78,11.65,17.99,665.19
P2_H,horizontal,pull,zone,worst_axis,531.12,13.73,-10.38,669.15
P2_H,horizontal,pull,zone,worst_axis,84.07,12.88,21.23,41.06
P2_H,horizontal,pull,zone,worst_axis,53.87,9.24,4.68,1282.62
P3_H,horizontal,pull,zone,worst_axis,202.56,13.07,-3.88,58.73
P3_H,horizontal,pull,zone,worst_axis,189.66,10.78,-4.82,568.98
P3_H,horizontal,pull,zone,worst_axis,183.57,15.83,13.27,2260.06
P3_H,horizontal,pull,linear,worst_axis,599.06,21.04,-21.84,1650.71
P3_H,horizontal,pull,linear,worst_axis,224.32,15.11,-9.23,957.88
P3_H,horizontal,pull,linear,worst_axis,307.81,12.29,-2.99,844.87
P3_H,horizontal,pull,zone,two_tactor,1629.16,17.11,-4.69,1337.46
P3_H,horizontal,pull,zone,two_tactor,261.66,15.41,-30.77,1228.03
P3_H,horizontal,pull,zone,two_tactor,695.0,14.91,-0.18,1041.13
P3_H,horizontal,pull,linear,two_tactor,370.62,14.54,6.05,1397.04
P3_H,horizontal,pull,linear,two_tactor,329.16,12.69,-5.46,1110.48
P3_H,horizontal,pull,linear,two_tactor,360.6,18.32,-4.28,1545.07
P3_H,horizontal,push,zone,two_tactor,294.49,12.32,-8.44,1013.56
P3_H,horizontal,push,zone,two_tactor,2039.29,15.08,-9.56,1184.57
P3_H,horizontal,push,zone,two_tactor,387.8,17.52,10.01,1217.96
P3_H,horizontal,push,linear,two_tactor,126.72,13.46,-17.68,347.97
P3_H,horizontal,push,linear,two_tactor,252.71,14.01,-2.66,733.49
P3_H,horizontal,push,linear,two_tactor,484.52,10.94,-1.33,772.19
P3_H,horizontal,push,zone,worst_axis,413.32,16.83,-19.81,1588.75
P3_H,horizontal,push,zone,worst_axis,137.6,16.8,-19.49,1370.4
P3_H,horizontal,push,zone,worst_axis,538.28,20.59,-28.08,2690.73
P3_H,horizontal,push,linear,worst_axis,251.32,26.05,-3.67,2565.14
P3_H,horizontal,push,linear,worst_axis,836.94,17.69,1.6,629.6
P3_H,horizontal,push,linear,worst_axis,150.48,19.47,-39.62,774.54
P3_V,vertical,push,linear,two_tactor,288.03,9.42,-8.72,462.5
P3_V,vertical,push,linear,two_tactor,778.85,8.67,-3.16,296.08
P3_V,vertical,push,linear,two_tactor,387.91,9.09,-6.9,322.23
P3_V,vertical,push,zone,two_tactor,546.77,8.78,-3.52,488.34
P3_V,vertical,push,zone,two_tactor,1172.3,9.39,-3.99,311.78
P3_V,vertical,push,zone,two_tactor,160.38,10.68,0.78,171.23
P3_V,vertical,push,linear,worst_axis,1438.51,11.85,-10.54,532.94
P3_V,vertical,push,linear,worst_axis,1044.62,12.43,-6.31,394.88
P3_V,vertical,push,linear,worst_axis,236.38,10.2,-5.81,364.62
P3_V,vertical,push,zone,worst_axis,335.68,7.27,-5.45,231.95
P3_V,vertical,push,zone,worst_axis,190.51,12.58,-12.44,646.03
P3_V,vertical,push,zone,worst_axis,299.93,14.87,-25.81,771.41
P3_V,vertical,pull,linear,worst_axis,199.91,8.75,-2.26,495.89
P3_V,vertical,pull,linear,worst_axis,179.68,12.13,-8.33,449.39
P3_V,vertical,pull,linear,worst_axis,217.86,10.1,-4.12,184.0
P3_V,vertical,pull,zone,worst_axis,139.11,11.52,-13.01,241.68
P3_V,vertical,pull,zone,worst_axis,328.29,9.7,-7.03,128.17
P3_V,vertical,pull,zone,worst_axis,236.55,13.94,-19.82,1035.62
P3_V,vertical,pull,linear,two_tactor,1012.41,9.39,-6.93,363.85
P3_V,vertical,pull,linear,two_tactor,228.73,9.76,-11.92,191.12
P3_V,vertical,pull,linear,two_tactor,436.42,13.63,-13.44,756.07
P3_V,vertical,pull,zone,two_tactor,516.29,10.84,-23.42,662.68
P3_V,vertical,pull,zone,two_tactor,202.24,10.51,-12.81,647.81
P3_V,vertical,pull,zone,two_tactor,224.38,14.06,-13.51,573.22
P4_H,horizontal,push,linear,worst_axis,276.12,4.39,-1.78,269.94
P4_H,horizontal,push,linear,worst_axis,171.17,6.74,2.03,107.84
P4_H,horizontal,push,linear,worst_axis,427.81,8.38,-6.56,646.09
P4_H,horizontal,push,zone,worst_axis,1479.88,6.16,-0.68,339.08
P4_H,horizontal,push,zone,worst_axis,1048.59,9.3,-1.09,553.39
P4_H,horizontal,push,zone,worst_axis,1394.89,6.64,-2.23,386.09
P4_H,horizontal,push,linear,two_tactor,441.21,5.34,-2.64,337.11
P4_H,horizontal,push,linear,two_tactor,2166.19,7.72,-1.77,450.86
P4_H,horizontal,push,linear,two_tactor,2362.57,7.02,-1.68,369.32
P4_H,horizontal,push,zone,two_tactor,526.7,6.06,-1.91,358.49
P4_H,horizontal,push,zone,two_tactor,656.48,6.29,-2.77,253.76
P4_H,horizontal,push,zone,two_tactor,1464.62,7.35,-3.25,379.31
P4_H,horizontal,pull,linear,two_tactor,387.68,5.78,-4.17,378.7
P4_H,horizontal,pull,linear,two_tactor,788.39,7.46,-5.31,347.29
P4_H,horizontal,pull,linear,two_tactor,270.8,7.55,-5.78,358.67
P4_H,horizontal,pull,zone,two_tactor,1728.07,9.21,-0.53,532.19
P4_H,horizontal,pull,zone,two_tactor,225.55,4.59,-1.71,163.81
P4_H,horizontal,pull,zone,two_tactor,739.78,9.47,-5.02,390.91
P4_H,horizontal,pull,linear,worst_axis,124.71,5.02,-4.25,220.34
P4_H,horizontal,pull,linear,worst_axis,419.93,6.73,-2.81,380.43
P4_H,horizontal,pull,linear,worst_axis,129.86,7.05,-0.11,392.03
P4_H,horizontal,pull,zone,worst_axis,481.35,8.6,-3.72,81.66
P4_H,horizontal,pull,zone,worst_axis,115.05,9.02,1.85,178.63
P4_H,horizontal,pull,zone,worst_axis,108.75,10.93,7.94,437.3
P4_V,vertical,pull,zone,two_tactor,307.23,8.7,1.43,275.76
P4_V,vertical,pull,zone,two_tactor,478.34,9.76,-0.8,424.68
P4_V,vertical,pull,zone,two_tactor,427.83,10.0,-0.03,424.62
P4_V,vertical,pull,linear,two_tactor,896.95,9.24,-4.15,158.76
P4_V,vertical,pull,linear,two_tactor,286.7,9.85,-8.98,376.12
P4_V,vertical,pull,linear,two_tactor,140.16,9.69,4.8,325.61
P4_V,vertical,pull,zone,worst_axis,171.44,13.0,11.0,250.87
P4_V,vertical,pull,zone,worst_axis,84.5,12.2,-19.56,279.13
P4_V,vertical,pull,zone,worst_axis,327.02,9.82,-1.1,255.14
P4_V,vertical,pull,linear,worst_axis,213.06,13.01,-10.5,608.56
P4_V,vertical,pull,linear,worst_axis,160.46,13.58,-7.64,599.7
P4_V,vertical,pull,linear,worst_axis,232.76,15.49,-18.23,590.72
P4_V,vertical,push,zone,worst_axis,530.4,8.59,-0.47,323.5
P4_V,vertical,push,zone,worst_axis,386.25,9.85,-3.93,421.2
P4_V,vertical,push,zone,worst_axis,112.5,11.01,3.35,313.12
P4_V,vertical,push,linear,worst_axis,303.34,13.09,4.43,105.7
P4_V,vertical,push,linear,worst_axis,242.06,12.47,-14.42,297.51
P4_V,vertical,push,linear,worst_axis,1498.68,13.95,-9.49,539.07
P4_V,vertical,push,zone,two_tactor,1628.92,10.81,-5.88,398.5
P4_V,vertical,push,zone,two_tactor,3820.3,15.39,-12.82,733.19
P4_V,vertical,push,zone,two_tactor,332.11,11.19,2.6,111.73
P4_V,vertical,push,linear,two_tactor,1760.21,11.51,-3.82,373.08
P4_V,vertical,push,linear,two_tactor,899.64,10.31,-4.59,155.68
P4_V,vertical,push,linear,two_tactor,521.85,13.69,-3.38,376.99
P5,vertical,push,linear,two_tactor,427.21,10.57,-5.52,350.7
P5,vertical,push,linear,two_tactor,1352.65,12.39,-3.86,387.33
P5,vertical,push,linear,two_tactor,243.17,14.9,-9.52,408.34
P5,vertical,push,zone,two_tactor,407.33,10.47,-6.16,228.25
P5,vertical,push,zone,two_tactor,409.3,12.29,-8.93,380.39
P5,vertical,push,zone,two_tactor,239.81,8.25,-3.66,360.31
P5,vertical,push,linear,worst_axis,271.79,11.91,-3.86,51.72
P5,vertical,push,linear,worst_axis,54.1,11.49,-6.87,584.7
P5,vertical,push,linear,worst_axis,103.5,9.24,-7.06,-85.72
P5,vertical,push,zone,worst_axis,225.84,8.99,-7.13,265.5
P5,vertical,push,zone,worst_axis,497.98,8.73,0.01,321.12
P5,vertical,push,zone,worst_axis,393.57,9.06,-2.87,536.68
P5,vertical,pull,linear,worst_axis,402.56,14.04,-5.6,673.51
P5,vertical,pull,linear,worst_axis,93.07,14.14,2.39,107.04
P5,vertical,pull,linear,worst_axis,45.65,16.88,-6.16,1539.5
P5,vertical,pull,zone,worst_axis,59.88,11.79,-13.24,1275.79
P5,vertical,pull,zone,worst_axis,95.75,11.34,7.4,673.56
P5,vertical,pull,zone,worst_axis,88.59,20.45,-20.07,807.99
P5,vertical,pull,linear,two_tactor,270.72,11.97,-9.62,6.76
P5,vertical,pull,linear,two_tactor,55.49,13.28,-0.51,195.89
P5,vertical,pull,linear,two_tactor,235.44,9.67,0.73,186.95
P5,vertical,pull,zone,two_tactor,295.84,10.53,-4.34,235.77
P5,vertical,pull,zone,two_tactor,82.14,12.3,-4.74,238.09
P5,vertical,pull,zone,two_tactor,73.27,16.02,9.3,355.05
P5_H,horizontal,pull,zone,worst_axis,108.51,12.47,2.29,1043.22
P5_H,horizontal,pull,zone,worst_axis,96.46,16.99,-19.16,470.73
P5_H,horizontal,pull,zone,worst_axis,106.88,10.1,-5.4,618.17
P5_H,horizontal,pull,linear,worst_axis,250.06,12.19,5.18,756.12
P5_H,horizontal,pull,linear,worst_axis,110.6,11.06,5.72,423.95
P5_H,horizontal,pull,linear,worst_axis,200.02,8.05,-4.64,492.09
P5_H,horizontal,pull,zone,two_tactor,1603.64,12.64,0.61,263.98
P5_H,horizontal,pull,zone,two_tactor,85.69,13.96,-6.15,795.95
P5_H,horizontal,pull,zone,two_tactor,87.65,9.66,-2.5,343.36
P5_H,horizontal,pull,linear,two_tactor,79.0,9.15,-0.9,625.1
P5_H,horizontal,pull,linear,two_tactor,158.52,13.26,-3.6,464.07
P5_H,horizontal,pull,linear,two_tactor,57.06,7.38,0.07,162.08
P5_H,horizontal,push,zone,two_tactor,253.66,9.41,-12.07,513.72
P5_H,horizontal,push,zone,two_tactor,117.54,9.47,-8.17,135.74
P5_H,horizontal,push,zone,two_tactor,190.6,8.07,-7.52,425.47
P5_H,horizontal,push,linear,two_tactor,116.28,13.67,7.09,885.11
P5_H,horizontal,push,linear,two_tactor,301.37,8.61,-6.24,351.73
P5_H,horizontal,push,linear,two_tactor,143.82,11.8,-7.09,240.79
P5_H,horizontal,push,zone,worst_axis,79.31,10.82,2.47,83.26
P5_H,horizontal,push,zone,worst_axis,95.16,10.38,0.17,671.54
P5_H,horizontal,push,zone,worst_axis,45.34,12.72,-3.44,224.93
P5_H,horizontal,push,linear,worst_axis,61.61,14.92,-9.29,426.11
P5_H,horizontal,push,linear,worst_axis,62.88,11.03,-17.2,521.67
P5_H,horizontal,push,linear,worst_axis,64.78,18.2,4.45,524.13
P6_H,horizontal,push,linear,worst_axis,196.6,4.73,-3.4,257.56
P6_H,horizontal,push,linear,worst_axis,98.45,5.34,2.14,130.58
P6_H,horizontal,push,linear,worst_axis,73.9,5.31,1.42,168.22
P6_H,horizontal,push,zone,worst_axis,158.95,4.79,-3.09,165.12
P6_H,horizontal,push,zone,worst_axis,139.4,5.03,0.17,276.71
P6_H,horizontal,push,zone,worst_axis,157.84,4.15,-0.27,67.44
P6_H,horizontal,push,linear,two_tactor,261.17,6.28,1.49,147.49
P6_H,horizontal,push,linear,two_tactor,341.61,6.04,-1.08,299.25
P6_H,horizontal,push,linear,two_tactor,106.25,5.72,-2.22,327.68
P6_H,horizontal,push,zone,two_tactor,131.46,4.39,-0.79,180.7
P6_H,horizontal,push,zone,two_tactor,130.9,4.57,0.72,202.11
P6_H,horizontal,push,zone,two_tactor,366.24,5.81,-2.48,281.61
P6_H,horizontal,pull,linear,two_tactor,374.6,5.24,-0.24,221.81
P6_H,horizontal,pull,linear,two_tactor,78.43,5.82,-7.4,166.32
P6_H,horizontal,pull,linear,two_tactor,292.06,5.22,-2.42,162.87
P6_H,horizontal,pull,zone,two_tactor,78.11,5.75,2.97,419.85
P6_H,horizontal,pull,zone,two_tactor,164.89,5.82,-0.18,230.02
P6_H,horizontal,pull,zone,two_tactor,85.21,4.89,-1.64,199.99
P6_H,horizontal,pull,linear,worst_axis,174.98,5.18,-0.83,169.06
P6_H,horizontal,pull,linear,worst_axis,130.95,5.41,-1.57,269.65
P6_H,horizontal,pull,linear,worst_axis,143.98,4.21,-2.72,199.96
P6_H,horizontal,pull,zone,worst_axis,220.17,6.39,-2.47,187.06
P6_H,horizontal,pull,zone,worst_axis,163.95,4.72,-1.3,244.29
P6_H,horizontal,pull,zone,worst_axis,118.0,7.09,-6.27,193.23
P6_V,vertical,pull,zone,two_tactor,80.25,5.2,-3.3,334.65
P6_V,vertical,pull,zone,two_tactor,127.91,4.55,-3.44,153.45
P6_V,vertical,pull,zone,two_tactor,109.61,3.95,-2.76,104.51
P6_V,vertical,pull,linear,two_tactor,141.07,3.93,0.29,172.03
P6_V,vertical,pull,linear,two_tactor,68.38,4.59,1.7,133.43
P6_V,vertical,pull,linear,two_tactor,160.96,6.82,-5.45,10.05
P6_V,vertical,pull,zone,worst_axis,90.7,4.59,-0.14,12.03
P6_V,vertical,pull,zone,worst_axis,81.97,4.46,-2.62,201.82
P6_V,vertical,pull,zone,worst_axis,198.59,6.0,-1.43,217.4
P6_V,vertical,pull,linear,worst_axis,175.57,9.05,1.98,380.98
P6_V,vertical,pull,linear,worst_axis,93.57,5.45,-3.95,447.81
P6_V,vertical,pull,linear,worst_axis,215.9,7.4,0.01,178.3
P6_V,vertical,push,zone,worst_axis,159.49,6.18,-2.01,186.15
P6_V,vertical,push,zone,worst_axis,225.77,5.52,-1.15,148.93
P6_V,vertical,push,zone,worst_axis,150.71,5.68,-5.73,172.98
P6_V,vertical,push,linear,worst_axis,39097.7,5.44,-0.9,307.61
P6_V,vertical,push,linear,worst_axis,119.98,5.4,-1.25,233.8
P6_V,vertical,push,linear,worst_axis,201.74,6.48,-0.31,261.45
P6_V,vertical,push,zone,two_tactor,106.77,4.39,-1.63,22.0
P6_V,vertical,push,zone,two_tactor,625.87,4.17,-1.05,114.84
P6_V,vertical,push,zone,two_tactor,1019.86,11.1,-5.52,301.32
P6_V,vertical,push,linear,two_tactor,207.07,5.76,-3.06,184.49
P6_V,vertical,push,linear,two_tactor,175.71,5.51,2.6,251.64
P6_V,vertical,push,linear,two_tactor,2103.3,7.49,-2.54,259.55
P7,horizontal,pull,zone,worst_axis,59.55,11.84,33.09,643.24
P7,horizontal,pull,zone,worst_axis,452.85,23.76,-16.15,797.75
P7,horizontal,pull,zone,worst_axis,105.67,54.25,127.35,58.92
P7,horizontal,pull,linear,worst_axis,569.28,31.4,-1.05,1985.39
P7,horizontal,pull,linear,worst_axis,1015.96,26.54,-10.87,2007.31
P7,horizontal,pull,linear,worst_axis,129.13,22.4,6.75,874.01
P7,horizontal,pull,zone,two_tactor,124.42,20.54,-38.9,611.82
P7,horizontal,pull,zone,two_tactor,3736.86,28.69,-12.86,1127.34
P7,horizontal,pull,zone,two_tactor,2187.67,23.97,-11.65,633.49
P7,horizontal,pull,linear,two_tactor,2655.68,21.48,-8.69,680.37
P7,horizontal,pull,linear,two_tactor,635.27,20.03,-11.79,1042.88
P7,horizontal,pull,linear,two_tactor,70.42,10.09,0.71,1393.83
P7,horizontal,push,zone,two_tactor,77.88,17.83,40.68,984.77
P7,horizontal,push,zone,two_tactor,1019.37,44.28,-0.69,953.58
P7,horizontal,push,zone,two_tactor,591.45,29.9,-8.12,262.64
P7,horizontal,push,linear,two_tactor,1116.4,32.67,-14.54,1356.11
P7,horizontal,push,linear,two_tactor,898.56,30.4,-15.17,1951.96
P7,horizontal,push,linear,two_tactor,2689.37,27.15,-13.7,1663.42
P7,horizontal,push,zone,worst_axis,936.05,14.48,-1.79,715.74
P7,horizontal,push,zone,worst_axis,80.12,28.92,-36.23,2778.95
P7,horizontal,push,zone,worst_axis,50.18,11.27,17.73,745.37
P7,horizontal,push,linear,worst_axis,432.07,30.87,-31.11,1165.28
P7,horizontal,push,linear,worst_axis,115.09,18.07,35.65,740.17
P7,horizontal,push,linear,worst_axis,82.79,21.62,-9.44,-252.16
P7_V,vertical,push,linear,two_tactor,692.22,12.39,-3.33,930.37
P7_V,vertical,push,linear,two_tactor,2055.58,15.43,-12.46,316.99
P7_V,vertical,push,linear,two_tactor,277.13,14.66,-8.17,374.53
P7_V,vertical,push,zone,two_tactor,773.46,17.19,-11.64,997.94
P7_V,vertical,push,zone,two_tactor,1455.78,13.36,-4.36,399.06
P7_V,vertical,push,zone,two_tactor,765.91,12.2,-6.91,761.65
P7_V,vertical,push,linear,worst_axis,1145.09,13.33,0.37,354.1
P7_V,vertical,push,linear,worst_axis,4322.97,15.45,-6.46,553.81
P7_V,vertical,push,linear,worst_axis,647.25,15.89,-1.99,370.99
P7_V,vertical,push,zone,worst_axis,167.39,13.24,5.0,782.2
P7_V,vertical,push,zone,worst_axis,137.57,13.09,-4.28,529.31
P7_V,vertical,push,zone,worst_axis,674.89,19.59,-9.17,806.24
P7_V,vertical,pull,linear,worst_axis,597.47,17.26,-4.91,539.46
P7_V,vertical,pull,linear,worst_axis,219.8,18.6,12.43,888.63
P7_V,vertical,pull,linear,worst_axis,370.57,22.02,-24.81,471.04
P7_V,vertical,pull,zone,worst_axis,612.68,18.52,-0.76,239.52
P7_V,vertical,pull,zone,worst_axis,179.66,7.53,-0.02,98.24
P7_V,vertical,pull,zone,worst_axis,157.69,16.3,16.45,1392.34
P7_V,vertical,pull,linear,two_tactor,505.14,19.34,-5.83,362.73
P7_V,vertical,pull,linear,two_tactor,239.48,21.79,-8.37,2131.58
P7_V,vertical,pull,linear,two_tactor,1347.94,22.27,-6.17,805.61
P7_V,vertical,pull,zone,two_tactor,2831.03,17.42,-6.65,750.62
P7_V,vertical,pull,zone,two_tactor,176.43,8.17,0.21,442.51
P7_V,vertical,pull,zone,two_tactor,4845.63,17.64,-6.19,550.64
P8_H,horizontal,push,linear,worst_axis,102.82,7.1,2.08,264.56
P8_H,horizontal,push,linear,worst_axis,123.43,8.26,6.47,198.03
P8_H,horizontal,push,linear,worst_axis,96.6,6.61,-2.28,284.52
P8_H,horizontal,push,zone,worst_axis,106.6,7.71,-2.81,292.15
P8_H,horizontal,push,zone,worst_axis,63.97,8.16,-2.2,757.23
P8_H,horizontal,push,zone,worst_axis,80.69,9.31,6.7,449.18
P8_H,horizontal,push,linear,two_tactor,216.52,10.48,-7.72,479.01
P8_H,horizontal,push,linear,two_tactor,148.48,12.12,0.51,651.04
P8_H,horizontal,push,linear,two_tactor,231.97,9.36,-0.71,172.08
P8_H,horizontal,push,zone,two_tactor,1350.68,10.57,-4.2,355.32
P8_H,horizontal,push,zone,two_tactor,176.94,11.38,-4.94,863.42
P8_H,horizontal,push,zone,two_tactor,48.57,11.33,-5.19,213.52
P8_H,horizontal,pull,linear,two_tactor,579.01,9.04,-1.92,230.63
P8_H,horizontal,pull,linear,two_tactor,104.93,13.71,-1.17,1146.51
P8_H,horizontal,pull,linear,two_tactor,76.37,11.81,-0.03,-435.21
P8_H,horizontal,pull,zone,two_tactor,2053.26,18.49,31.34,1023.17
P8_H,horizontal,pull,zone,two_tactor,86.6,16.08,-13.31,2489.78
P8_H,horizontal,pull,zone,two_tactor,36.79,11.96,10.12,1636.12
P8_H,horizontal,pull,linear,worst_axis,375.32,10.58,-0.4,38.19
P8_H,horizontal,pull,linear,worst_axis,266.4,12.07,-19.73,352.39
P8_H,horizontal,pull,linear,worst_axis,49.96,10.24,-12.5,127.77
P8_H,horizontal,pull,zone,worst_axis,391.91,11.51,-0.55,7.13
P8_H,horizontal,pull,zone,worst_axis,72.46,15.52,19.68,534.15
P8_H,horizontal,pull,zone,worst_axis,55.45,20.15,24.13,2302.46
P8_V_2,vertical,pull,zone,two_tactor,98.05,13.6,-13.93,557.2
P8_V_2,vertical,pull,zone,two_tactor,89.13,12.84,9.32,-161.8
P8_V_2,vertical,pull,zone,two_tactor,79.62,13.36,-4.81,122.57
P8_V_2,vertical,pull,linear,two_tactor,61.25,11.41,-7.99,804.32
P8_V_2,vertical,pull,linear,two_tactor,85.26,12.05,12.03,217.14
P8_V_2,vertical,pull,linear,two_tactor,123.99,14.5,-2.67,435.09
P8_V_2,vertical,pull,zone,worst_axis,87.08,15.5,-35.88,768.6
P8_V_2,vertical,pull,zone,worst_axis,76.39,12.1,-9.6,929.95
P8_V_2,vertical,pull,zone,worst_axis,97.38,18.59,-23.32,442.52
P8_V_2,vertical,pull,linear,worst_axis,82.21,17.3,5.86,643.52
P8_V_2,vertical,pull,linear,worst_axis,90.79,21.23,-40.12,588.49
P8_V_2,vertical,pull,linear,worst_axis,74.01,15.92,24.24,520.01
P8_V_2,vertical,push,zone,worst_axis,175.5,12.48,-4.04,271.6
P8_V_2,vertical,push,zone,worst_axis,139.18,12.36,-21.49,285.41
P8_V_2,vertical,push,zone,worst_axis,193.14,11.69,-6.29,666.55
P8_V_2,vertical,push,linear,worst_axis,193.49,13.31,-6.87,531.82
P8_V_2,vertical,push,linear,worst_axis,114.95,13.37,-14.29,564.23
P8_V_2,vertical,push,linear,worst_axis,131.76,13.81,16.05,1255.86
P8_V_2,vertical,push,zone,two_tactor,219.35,17.25,-6.65,-274.07
P8_V_2,vertical,push,zone,two_tactor,246.77,14.54,-23.69,763.95
P8_V_2,vertical,push,zone,two_tactor,126.59,13.42,3.04,820.38
P8_V_2,vertical,push,linear,two_tactor,148.84,18.92,0.18,-794.86
P8_V_2,vertical,push,linear,two_tactor,182.66,16.86,4.88,283.93
P8_V_2,vertical,push,linear,two_tactor,341.87,15.28,5.19,144.29
P9_H,horizontal,pull,zone,worst_axis,133.96,19.78,9.05,662.32
P9_H,horizontal,pull,zone,worst_axis,1730.64,13.73,-6.22,541.75
P9_H,horizontal,pull,zone,worst_axis,86.57,13.0,5.43,429.63
P9_H,horizontal,pull,linear,worst_axis,605.72,12.61,2.19,470.99
P9_H,horizontal,pull,linear,worst_axis,144.05,12.69,-9.73,606.54
P9_H,horizontal,pull,linear,worst_axis,542.09,17.96,-8.43,965.61
P9_H,horizontal,pull,zone,two_tactor,1142.05,19.84,-19.85,1082.24
P9_H,horizontal,pull,zone,two_tactor,2415.87,21.84,-10.34,245.57
P9_H,horizontal,pull,zone,two_tactor,484.13,13.51,-3.27,134.91
P9_H,horizontal,pull,linear,two_tactor,610.89,22.29,-23.54,605.05
P9_H,horizontal,pull,linear,two_tactor,326.08,25.56,16.63,138.36
P9_H,horizontal,pull,linear,two_tactor,101.06,14.5,8.05,1918.92
P9_H,horizontal,push,zone,two_tactor,803.49,13.54,-4.48,928.21
P9_H,horizontal,push,zone,two_tactor,1196.17,16.1,-12.19,293.67
P9_H,horizontal,push,zone,two_tactor,512.65,19.74,-20.99,330.26
P9_H,horizontal,push,linear,two_tactor,389.57,17.48,-22.25,558.58
P9_H,horizontal,push,linear,two_tactor,547.35,18.52,-7.05,1413.87
P9_H,horizontal,push,linear,two_tactor,448.36,31.06,-23.03,712.02
P9_H,horizontal,push,zone,worst_axis,507.36,17.48,-29.49,1157.34
P9_H,horizontal,push,zone,worst_axis,1008.24,14.12,-2.11,48.06
P9_H,horizontal,push,zone,worst_axis,421.84,11.99,-3.0,311.22
P9_H,horizontal,push,linear,worst_axis,521.26,12.09,-0.45,22.97
P9_H,horizontal,push,linear,worst_axis,355.89,20.15,-30.27,994.36
P9_H,horizontal,push,linear,worst_axis,303.3,16.12,6.31,1044.4
P9_V,vertical,push,linear,two_tactor,2037.73,17.61,-14.53,477.26
P9_V,vertical,push,linear,two_tactor,744.18,11.62,-14.33,675.11
P9_V,vertical,push,linear,two_tactor,682.3,11.48,-6.8,640.78
P9_V,vertical,push,zone,two_tactor,619.95,12.89,-13.14,640.59
P9_V,vertical,push,zone,two_tactor,197.4,10.31,-10.64,377.42
P9_V,vertical,push,zone,two_tactor,1139.11,10.68,-6.09,359.34
P9_V,vertical,push,linear,worst_axis,404.17,13.82,-12.24,953.35
P9_V,vertical,push,linear,worst_axis,1808.26,12.11,-10.41,576.13
P9_V,vertical,push,linear,worst_axis,150.24,12.95,-1.9,362.17
P9_V,vertical,push,zone,worst_axis,1281.85,17.55,-15.36,224.13
P9_V,vertical,push,zone,worst_axis,409.65,10.44,-6.58,399.69
P9_V,vertical,push,zone,worst_axis,613.12,14.22,-4.38,606.36
P9_V,vertical,pull,linear,worst_axis,80.88,11.15,-12.67,729.0
P9_V,vertical,pull,linear,worst_axis,118.44,16.74,0.32,835.38
P9_V,vertical,pull,linear,worst_axis,78.38,9.33,-3.05,477.3
P9_V,vertical,pull,zone,worst_axis,76.01,8.29,-8.97,210.82
P9_V,vertical,pull,zone,worst_axis,116.07,12.94,-16.46,267.64
P9_V,vertical,pull,zone,worst_axis,108.29,9.93,0.02,199.29
P9_V,vertical,pull,linear,two_tactor,61.18,12.85,-2.53,885.09
P9_V,vertical,pull,linear,two_tactor,431.93,10.9,-9.03,361.67
P9_V,vertical,pull,linear,two_tactor,87.36,10.2,0.15,317.3
P9_V,vertical,pull,zone,two_tactor,374.2,11.19,-3.51,471.85
P9_V,vertical,pull,zone,two_tactor,89.36,11.9,-8.01,466.73
P9_V,vertical,pull,zone,two_tactor,74.99,11.1,-2.96,185.3
P10_H,horizontal,push,linear,worst_axis,1252.54,7.72,-5.97,414.33
P10_H,horizontal,push,linear,worst_axis,261.22,5.83,0.9,239.69
P10_H,horizontal,push,linear,worst_axis,320.24,7.58,-1.5,44.14
P10_H,horizontal,push,zone,worst_axis,389.63,6.09,-1.37,319.59
P10_H,horizontal,push,zone,worst_axis,441.75,7.06,-1.0,485.38
P10_H,horizontal,push,zone,worst_axis,187.36,8.5,-3.96,281.31
P10_H,horizontal,push,linear,two_tactor,777.62,5.25,-0.81,241.83
P10_H,horizontal,push,linear,two_tactor,302.12,5.12,0.27,262.72
P10_H,horizontal,push,linear,two_tactor,200.19,5.43,-1.33,173.5
P10_H,horizontal,push,zone,two_tactor,160.11,5.06,0.23,195.96
P10_H,horizontal,push,zone,two_tactor,503.32,5.9,-2.45,213.7
P10_H,horizontal,push,zone,two_tactor,285.12,5.29,-1.14,253.72
P10_H,horizontal,pull,linear,two_tactor,225.87,7.99,-4.93,123.54
P10_H,horizontal,pull,linear,two_tactor,375.64,6.82,-4.05,241.43
P10_H,horizontal,pull,linear,two_tactor,360.7,6.26,-1.84,197.6
P10_H,horizontal,pull,zone,two_tactor,293.19,9.96,-7.19,515.05
P10_H,horizontal,pull,zone,two_tactor,468.0,6.13,-0.04,250.65
P10_H,horizontal,pull,zone,two_tactor,309.38,8.94,-2.19,263.84
P10_H,horizontal,pull,linear,worst_axis,383.53,6.9,-0.3,298.74
P10_H,horizontal,pull,linear,worst_axis,147.82,5.48,-0.52,317.35
P10_H,horizontal,pull,linear,worst_axis,98.26,6.69,-1.03,117.4
P10_H,horizontal,pull,zone,worst_axis,103.59,6.23,4.23,232.0
P10_H,horizontal,pull,zone,worst_axis,87.52,4.41,0.88,183.16
P10_H,horizontal,pull,zone,worst_axis,81.83,7.71,-4.36,365.21
P10_V,vertical,pull,zone,two_tactor,593.3,11.71,-10.68,760.08
P10_V,vertical,pull,zone,two_tactor,755.02,13.69,-8.53,418.44
P10_V,vertical,pull,zone,two_tactor,2926.15,12.46,-9.94,479.02
P10_V,vertical,pull,linear,two_tactor,2805.67,12.88,-7.73,528.09
P10_V,vertical,pull,linear,two_tactor,1123.2,15.17,-21.2,414.86
P10_V,vertical,pull,linear,two_tactor,312.63,15.68,-14.99,745.84
P10_V,vertical,pull,zone,worst_axis,655.4,12.19,-14.77,533.38
P10_V,vertical,pull,zone,worst_axis,756.83,13.5,-19.05,433.94
P10_V,vertical,pull,zone,worst_axis,936.43,16.12,-16.1,662.85
P10_V,vertical,pull,linear,worst_axis,744.26,17.47,-15.33,744.13
P10_V,vertical,pull,linear,worst_axis,144.69,16.91,-6.14,1102.37
P10_V,vertical,pull,linear,worst_axis,508.79,19.83,-44.76,838.57
P10_V,vertical,push,zone,worst_axis,1280.8,10.18,-15.41,457.39
P10_V,vertical,push,zone,worst_axis,1465.01,13.37,-12.47,477.64
P10_V,vertical,push,zone,worst_axis,467.02,11.98,-13.34,298.05
P10_V,vertical,push,linear,worst_axis,931.43,15.86,-15.75,765.61
P10_V,vertical,push,linear,worst_axis,447.91,12.91,-15.35,535.22
P10_V,vertical,push,linear,worst_axis,361.18,18.44,-19.36,585.16
P10_V,vertical,push,zone,two_tactor,1359.31,12.68,-10.2,633.07
P10_V,vertical,push,zone,two_tactor,282.3,16.07,2.56,697.07
P10_V,vertical,push,zone,two_tactor,697.62,13.86,-19.18,658.57
P10_V,vertical,push,linear,two_tactor,889.75,11.37,-8.33,524.32
P10_V,vertical,push,linear,two_tactor,3243.26,15.51,-19.1,751.04
P10_V,vertical,push,linear,two_tactor,2721.28,13.94,-13.88,783.23
P11_H,horizontal,pull,zone,worst_axis,145.95,17.08,-18.11,849.86
P11_H,horizontal,pull,zone,worst_axis,123.97,11.13,-0.88,886.22
P11_H,horizontal,pull,zone,worst_axis,66.08,12.88,-1.22,1209.93
P11_H,horizontal,pull,linear,worst_axis,165.03,9.77,-1.29,569.26
P11_H,horizontal,pull,linear,worst_axis,133.1,12.61,3.25,615.13
P11_H,horizontal,pull,linear,worst_axis,161.85,14.55,7.63,728.9
P11_H,horizontal,pull,zone,two_tactor,808.51,11.6,-2.9,699.35
P11_H,horizontal,pull,zone,two_tactor,449.99,17.3,-23.26,960.21
P11_H,horizontal,pull,zone,two_tactor,93.96,14.83,-9.18,701.5
P11_H,horizontal,pull,linear,two_tactor,766.44,11.71,-9.64,287.08
P11_H,horizontal,pull,linear,two_tactor,124.65,10.88,7.27,518.88
P11_H,horizontal,pull,linear,two_tactor,607.36,17.87,4.03,889.76
P11_H,horizontal,push,zone,two_tactor,95.55,9.92,-3.59,273.7
P11_H,horizontal,push,zone,two_tactor,81.45,12.7,-13.66,-390.44
P11_H,horizontal,push,zone,two_tactor,207.35,14.87,-1.78,299.13
P11_H,horizontal,push,linear,two_tactor,150.37,12.9,-4.82,-46.68
P11_H,horizontal,push,linear,two_tactor,239.42,11.1,-3.47,445.53
P11_H,horizontal,push,linear,two_tactor,176.46,13.46,5.01,790.03
P11_H,horizontal,push,zone,worst_axis,290.1,15.58,-37.24,912.99
P11_H,horizontal,push,zone,worst_axis,399.98,12.54,-7.68,584.26
P11_H,horizontal,push,zone,worst_axis,114.23,12.02,-10.77,830.38
P11_H,horizontal,push,linear,worst_axis,83.37,11.46,-1.7,467.38
P11_H,horizontal,push,linear,worst_axis,102.92,11.03,-10.25,364.11
P11_H,horizontal,push,linear,worst_axis,125.64,13.84,-16.84,1271.34
P11_V,vertical,push,linear,two_tactor,544.96,12.09,-5.63,657.45
P11_V,vertical,push,linear,two_tactor,2697.29,12.24,-6.85,530.41
P11_V,vertical,push,linear,two_tactor,3979.59,11.49,-10.67,433.58
P11_V,vertical,push,zone,two_tactor,1523.52,13.23,-10.68,533.99
P11_V,vertical,push,zone,two_tactor,1160.01,12.65,-15.11,587.59
P11_V,vertical,push,zone,two_tactor,596.5,17.44,-13.29,631.02
P11_V,vertical,push,linear,worst_axis,3148.34,10.52,-10.0,308.39
P11_V,vertical,push,linear,worst_axis,359.0,14.38,-7.66,258.36
P11_V,vertical,push,linear,worst_axis,249.9,13.14,-9.76,277.79
P11_V,vertical,push,zone,worst_axis,1371.48,10.55,-9.69,510.84
P11_V,vertical,push,zone,worst_axis,105.84,12.56,17.32,-418.52
P11_V,vertical,push,zone,worst_axis,331.66,19.37,-25.79,815.0
P11_V,vertical,pull,linear,worst_axis,71.84,9.08,-13.64,578.68
P11_V,vertical,pull,linear,worst_axis,222.67,10.38,7.02,340.43
P11_V,vertical,pull,linear,worst_axis,141.87,9.86,8.25,3.21
P11_V,vertical,pull,zone,worst_axis,546.67,15.32,10.58,21.16
P11_V,vertical,pull,zone,worst_axis,92.55,12.32,3.09,489.96
P11_V,vertical,pull,zone,worst_axis,325.68,13.75,-12.87,239.07
P11_V,vertical,pull,linear,two_tactor,567.05,12.55,-2.86,143.54
P11_V,vertical,pull,linear,two_tactor,1382.44,13.57,-21.23,499.42
P11_V,vertical,pull,linear,two_tactor,869.12,14.16,-20.6,589.95
P11_V,vertical,pull,zone,two_tactor,294.94,11.57,-2.91,248.44
P11_V,vertical,pull,zone,two_tactor,190.52,11.94,-11.39,491.96
P11_V,vertical,pull,zone,two_tactor,453.54,12.66,-6.14,728.91
P12_H,horizontal,push,linear,worst_axis,484.45,5.84,-1.69,187.92
P12_H,horizontal,push,linear,worst_axis,130.49,6.0,0.54,198.7
P12_H,horizontal,push,linear,worst_axis,90.75,6.8,0.93,515.06
P12_H,horizontal,push,zone,worst_axis,484.68,6.47,0.34,148.86
P12_H,horizontal,push,zone,worst_axis,82.58,6.26,0.86,479.19
P12_H,horizontal,push,zone,worst_axis,272.9,8.11,-6.67,332.58
P12_H,horizontal,push,linear,two_tactor,173.98,10.01,-3.28,-105.99
P12_H,horizontal,push,linear,two_tactor,315.25,7.93,2.28,294.47
P12_H,horizontal,push,linear,two_tactor,300.26,7.12,-0.18,157.41
P12_H,horizontal,push,zone,two_tactor,386.24,5.59,-2.28,-10.1
P12_H,horizontal,push,zone,two_tactor,135.28,5.55,-0.37,295.15
P12_H,horizontal,push,zone,two_tactor,300.28,6.94,-2.93,148.42
P12_H,horizontal,pull,linear,two_tactor,435.97,7.05,-0.99,267.72
P12_H,horizontal,pull,linear,two_tactor,73.3,7.9,-3.4,427.57
P12_H,horizontal,pull,linear,two_tactor,98.74,6.74,-3.66,324.25
P12_H,horizontal,pull,zone,two_tactor,94.31,8.56,-2.57,142.42
P12_H,horizontal,pull,zone,two_tactor,223.38,6.98,-2.0,271.42
P12_H,horizontal,pull,zone,two_tactor,66.24,6.47,1.21,319.8
P12_H,horizontal,pull,linear,worst_axis,68.12,5.7,3.22,247.41
P12_H,horizontal,pull,linear,worst_axis,97.11,6.46,0.16,77.41
P12_H,horizontal,pull,linear,worst_axis,225.24,6.49,-3.02,334.71
P12_H,horizontal,pull,zone,worst_axis,330.28,7.26,0.18,304.65
P12_H,horizontal,pull,zone,worst_axis,339.99,7.08,-0.98,199.27
P12_H,horizontal,pull,zone,worst_axis,185.68,6.96,2.14,157.32
P12_V,vertical,pull,zone,two_tactor,598.97,7.75,-4.49,257.63
P12_V,vertical,pull,zone,two_tactor,370.5,10.25,-2.56,450.42
P12_V,vertical,pull,zone,two_tactor,348.67,9.1,-10.63,166.5
P12_V,vertical,pull,linear,two_tactor,160.37,12.11,1.69,252.93
P12_V,vertical,pull,linear,two_tactor,91.12,13.09,18.62,943.82
P12_V,vertical,pull,linear,two_tactor,167.13,9.23,-12.95,504.41
P12_V,vertical,pull,zone,worst_axis,102.13,8.69,-10.0,238.97
P12_V,vertical,pull,zone,worst_axis,569.56,8.95,-4.8,475.51
P12_V,vertical,pull,zone,worst_axis,111.48,10.76,-3.82,499.23
P12_V,vertical,pull,linear,worst_axis,319.87,9.9,-6.94,209.03
P12_V,vertical,pull,linear,worst_axis,243.96,5.42,-2.9,115.99
P12_V,vertical,pull,linear,worst_axis,264.37,10.46,-4.12,307.0
P12_V,vertical,push,zone,worst_axis,237.3,8.73,-5.94,421.49
P12_V,vertical,push,zone,worst_axis,225.13,8.91,-3.88,-55.18
P12_V,vertical,push,zone,worst_axis,528.8,10.59,-8.19,240.74
P12_V,vertical,push,linear,worst_axis,323.76,10.46,-3.06,417.19
P12_V,vertical,push,linear,worst_axis,156.42,9.21,-11.18,106.58
P12_V,vertical,push,linear,worst_axis,277.26,11.63,-7.58,96.56
P12_V,vertical,push,zone,two_tactor,713.74,8.92,-8.12,312.11
P12_V,vertical,push,zone,two_tactor,605.6,9.6,-8.14,183.19
P12_V,vertical,push,zone,two_tactor,243.05,10.12,-20.25,631.57
P12_V,vertical,push,linear,two_tactor,223.35,13.19,0.42,279.79
P12_V,vertical,push,linear,two_tactor,334.25,10.96,-2.73,509.57
P12_V,vertical,push,linear,two_tactor,314.2,9.92,-17.58,461.25
P14_H,horizontal,push,linear,worst_axis,10602.59,25.87,-27.99,1011.2
P14_H,horizontal,push,linear,worst_axis,1610.82,26.59,-14.92,877.92
P14_H,horizontal,push,linear,worst_axis,1956.58,25.07,-17.12,1365.77
P14_H,horizontal,push,zone,worst_axis,2818.37,23.61,-24.76,1429.14
P14_H,horizontal,push,zone,worst_axis,90.89,20.66,-16.69,1438.12
P14_H,horizontal,push,zone,worst_axis,7946.91,21.32,-9.55,451.0
P14_H,horizontal,push,linear,two_tactor,6546.82,18.07,-8.51,410.73
P14_H,horizontal,push,linear,two_tactor,1006.84,21.58,-10.3,135.93
P14_H,horizontal,push,linear,two_tactor,6613.23,17.86,-8.83,749.53
P14_H,horizontal,push,zone,two_tactor,6524.79,14.82,-5.51,400.32
P14_H,horizontal,push,zone,two_tactor,526.48,17.63,-7.49,912.43
P14_H,horizontal,push,zone,two_tactor,2303.53,15.51,-4.69,155.88
P14_H,horizontal,pull,linear,two_tactor,72.68,28.01,-27.28,697.19
P14_H,horizontal,pull,linear,two_tactor,880.73,19.82,-10.41,703.26
P14_H,horizontal,pull,linear,two_tactor,3811.26,17.61,-5.61,124.93
P14_H,horizontal,pull,zone,two_tactor,582.43,17.87,-12.96,1341.27
P14_H,horizontal,pull,zone,two_tactor,2114.72,19.79,-1.11,73.24
P14_H,horizontal,pull,zone,two_tactor,752.08,13.34,-4.56,118.0
P14_H,horizontal,pull,linear,worst_axis,118.04,19.67,11.4,2160.27
P14_H,horizontal,pull,linear,worst_axis,362.23,17.46,-24.71,913.42
P14_H,horizontal,pull,linear,worst_axis,60.35,20.01,15.33,2627.05
P14_H,horizontal,pull,zone,worst_axis,3386.83,38.69,-74.41,2336.49
P14_H,horizontal,pull,zone,worst_axis,197.21,20.91,-45.43,1493.92
P14_H,horizontal,pull,zone,worst_axis,1249.99,22.82,-5.76,619.7
P14_V,vertical,pull,zone,two_tactor,4162.59,13.55,-10.51,357.28
P14_V,vertical,pull,zone,two_tactor,571.59,14.98,-19.23,521.63
P14_V,vertical,pull,zone,two_tactor,321.08,12.77,-18.97,1155.2
P14_V,vertical,pull,linear,two_tactor,715.81,10.89,-9.97,274.25
P14_V,vertical,pull,linear,two_tactor,421.39,12.13,0.66,466.56
P14_V,vertical,pull,linear,two_tactor,860.95,13.92,-12.89,428.44
P14_V,vertical,pull,zone,worst_axis,283.28,12.6,-28.36,868.32
P14_V,vertical,pull,zone,worst_axis,209.77,20.86,-21.05,279.88
P14_V,vertical,pull,zone,worst_axis,104.7,16.65,-30.23,543.76
P14_V,vertical,pull,linear,worst_axis,75.34,12.86,-8.86,1363.96
P14_V,vertical,pull,linear,worst_axis,161.6,14.91,13.06,513.89
P14_V,vertical,pull,linear,worst_axis,1729.97,15.02,-10.95,419.59
P14_V,vertical,push,zone,worst_axis,4366.4,14.6,-16.02,416.75
P14_V,vertical,push,zone,worst_axis,364.96,18.26,-27.15,1603.74
P14_V,vertical,push,zone,worst_axis,3107.62,14.71,-12.63,372.77
P14_V,vertical,push,linear,worst_axis,368.45,11.77,-26.45,126.28
P14_V,vertical,push,linear,worst_axis,522.1,12.24,-5.86,528.19
P14_V,vertical,push,linear,worst_axis,115.25,12.24,-18.36,50.44
P14_V,vertical,push,zone,two_tactor,4424.47,17.33,-17.68,521.86
P14_V,vertical,push,zone,two_tactor,1470.76,12.46,-11.4,408.91
P14_V,vertical,push,zone,two_tactor,11490.17,17.17,-17.93,606.9
P14_V,vertical,push,linear,two_tactor,396.75,17.41,-32.22,874.21
P14_V,vertical,push,linear,two_tactor,1407.98,18.74,-19.61,1012.49
P14_V,vertical,push,linear,two_tactor,1640.03,17.69,-22.06,762.07
P15_H,horizontal,pull,zone,worst_axis,92.0,6.54,-0.9,352.1
P15_H,horizontal,pull,zone,worst_axis,97.12,8.89,0.09,280.25
P15_H,horizontal,pull,zone,worst_axis,140.43,8.85,-3.31,662.19
P15_H,horizontal,pull,linear,worst_axis,277.17,9.11,-4.96,384.92
P15_H,horizontal,pull,linear,worst_axis,208.96,10.47,-2.02,27.33
P15_H,horizontal,pull,linear,worst_axis,89.65,8.63,-8.93,544.58
P15_H,horizontal,pull,zone,two_tactor,200.72,9.58,4.08,914.45
P15_H,horizontal,pull,zone,two_tactor,555.98,10.7,-3.45,522.32
P15_H,horizontal,pull,zone,two_tactor,218.63,11.01,5.35,268.9
P15_H,horizontal,pull,linear,two_tactor,322.34,9.1,-0.15,282.04
P15_H,horizontal,pull,linear,two_tactor,192.96,11.02,-5.91,663.79
P15_H,horizontal,pull,linear,two_tactor,66.05,9.16,-5.9,236.03
P15_H,horizontal,push,zone,two_tactor,221.15,7.77,5.42,448.41
P15_H,horizontal,push,zone,two_tactor,109.42,9.56,-3.12,466.19
P15_H,horizontal,push,zone,two_tactor,1053.67,10.75,-3.7,578.28
P15_H,horizontal,push,linear,two_tactor,68.32,9.11,1.75,192.07
P15_H,horizontal,push,linear,two_tactor,324.41,10.08,1.24,513.28
P15_H,horizontal,push,linear,two_tactor,58.83,8.31,-5.89,-27.92
P15_H,horizontal,push,zone,worst_axis,123.02,8.14,2.92,273.7
P15_H,horizontal,push,zone,worst_axis,183.97,10.81,-6.4,422.64
P15_H,horizontal,push,zone,worst_axis,91.38,14.68,-30.35,743.56
P15_H,horizontal,push,linear,worst_axis,126.82,12.82,-13.72,121.61
P15_H,horizontal,push,linear,worst_axis,56.63,12.55,-3.03,1481.51
P15_H,horizontal,push,linear,worst_axis,133.98,10.23,2.32,395.15
P15_V,vertical,push,linear,two_tactor,3546.99,10.3,-5.92,345.07
P15_V,vertical,push,linear,two_tactor,751.4,10.42,-13.8,348.22
P15_V,vertical,push,linear,two_tactor,3907.86,10.7,-4.85,253.35
P15_V,vertical,push,zone,two_tactor,1287.27,7.96,-3.88,292.64
P15_V,vertical,push,zone,two_tactor,1180.09,10.17,-7.89,325.21
P15_V,vertical,push,zone,two_tactor,198.22,8.76,-6.49,556.48
P15_V,vertical,push,linear,worst_axis,161.76,8.43,3.39,401.17
P15_V,vertical,push,linear,worst_axis,779.03,8.1,-2.55,191.55
P15_V,vertical,push,linear,worst_axis,817.7,9.52,-1.92,328.66
P15_V,vertical,push,zone,worst_axis,1007.02,9.1,-4.87,286.15
P15_V,vertical,push,zone,worst_axis,153.23,8.09,-2.79,342.72
P15_V,vertical,push,zone,worst_axis,319.16,9.59,-5.82,110.08
P15_V,vertical,pull,linear,worst_axis,325.61,9.16,3.09,104.42
P15_V,vertical,pull,linear,worst_axis,123.9,7.8,-6.46,246.07
P15_V,vertical,pull,linear,worst_axis,63.11,8.88,2.53,567.04
P15_V,vertical,pull,zone,worst_axis,406.37,8.03,-0.18,135.49
P15_V,vertical,pull,zone,worst_axis,183.44,8.51,-0.17,193.32
P15_V,vertical,pull,zone,worst_axis,186.95,7.18,1.69,426.99
P15_V,vertical,pull,linear,two_tactor,141.89,10.72,-1.51,404.6
P15_V,vertical,pull,linear,two_tactor,91.51,7.7,1.91,383.0
P15_V,vertical,pull,linear,two_tactor,637.6,10.75,-3.95,431.81
P15_V,vertical,pull,zone,two_tactor,81148.61,19.36,-5.69,700.46
P15_V,vertical,pull,zone,two_tactor,128.96,14.23,-34.69,637.21
P15_V,vertical,pull,zone,two_tactor,222.83,11.12,-1.23,445.7
P16_H,horizontal,push,linear,worst_axis,335.95,14.46,16.47,422.57
P16_H,horizontal,push,linear,worst_axis,271.02,11.07,-3.75,734.29
P16_H,horizontal,push,linear,worst_axis,408.67,11.11,-3.58,646.88
P16_H,horizontal,push,zone,worst_axis,258.84,11.06,-1.7,689.94
P16_H,horizontal,push,zone,worst_axis,305.67,11.67,5.07,725.54
P16_H,horizontal,push,zone,worst_axis,628.73,6.82,-3.13,314.85
P16_H,horizontal,push,linear,two_tactor,274.0,8.14,-5.02,334.64
P16_H,horizontal,push,linear,two_tactor,778.36,10.82,-3.64,615.55
P16_H,horizontal,push,linear,two_tactor,728.16,12.72,-6.21,413.79
P16_H,horizontal,push,zone,two_tactor,178.43,10.16,-4.24,355.53
P16_H,horizontal,push,zone,two_tactor,310.63,8.53,-4.43,526.12
P16_H,horizontal,push,zone,two_tactor,374.93,10.83,-5.7,432.46
P16_H,horizontal,pull,linear,two_tactor,938.05,11.45,-7.75,481.14
P16_H,horizontal,pull,linear,two_tactor,1506.84,13.4,-12.37,507.86
P16_H,horizontal,pull,linear,two_tactor,118.0,11.64,-13.78,699.17
P16_H,horizontal,pull,zone,two_tactor,318.85,15.37,-3.76,1281.89
P16_H,horizontal,pull,zone,two_tactor,508.88,11.28,-4.42,583.47
P16_H,horizontal,pull,zone,two_tactor,162.4,13.66,6.15,1306.37
P16_H,horizontal,pull,linear,worst_axis,65.38,9.44,1.9,265.22
P16_H,horizontal,pull,linear,worst_axis,128.67,12.51,2.15,1252.15
P16_H,horizontal,pull,linear,worst_axis,81.39,7.96,-0.97,280.15
P16_H,horizontal,pull,zone,worst_axis,155.48,14.14,-5.75,980.49
P16_H,horizontal,pull,zone,worst_axis,97.53,17.21,-18.13,54.05
P16_H,horizontal,pull,zone,worst_axis,87.63,10.18,-10.0,-216.54
P16_V,vertical,pull,zone,two_tactor,1599.92,9.25,-11.91,370.3
P16_V,vertical,pull,linear,two_tactor,3073.11,15.93,-12.22,500.28
P16_V,vertical,pull,linear,two_tactor,1123.86,17.13,-10.85,818.97
P16_V,vertical,pull,linear,two_tactor,497.99,8.12,-2.82,327.86
P16_V,vertical,pull,zone,worst_axis,606.34,17.13,-28.3,684.59
P16_V,vertical,pull,zone,worst_axis,481.7,13.93,-37.27,792.8
P16_V,vertical,pull,zone,worst_axis,315.59,13.44,-20.78,1395.01
P16_V,vertical,pull,linear,worst_axis,184.56,13.18,-1.72,533.84
P16_V,vertical,pull,linear,worst_axis,502.88,11.23,-6.61,293.9
P16_V,vertical,pull,linear,worst_axis,1119.52,14.44,-7.97,606.41
P16_V,vertical,push,zone,worst_axis,494.83,7.11,-7.15,318.64
P16_V,vertical,push,zone,worst_axis,1117.27,10.05,-11.9,535.77
P16_V,vertical,push,zone,worst_axis,293.38,19.46,-23.32,1002.84
P16_V,vertical,push,linear,worst_axis,8187.04,11.57,-7.35,514.73
P16_V,vertical,push,linear,worst_axis,964.54,7.96,-1.71,326.84
P16_V,vertical,push,linear,worst_axis,271.8,14.05,-15.93,480.55
P16_V,vertical,push,zone,two_tactor,248.4,14.17,-12.05,626.81
P16_V,vertical,push,zone,two_tactor,1315.38,16.52,-8.16,339.72
P16_V,vertical,push,zone,two_tactor,696.14,15.44,-11.57,680.02
P16_V,vertical,push,linear,two_tactor,613.92,13.03,-11.41,603.23
P16_V,vertical,push,linear,two_tactor,972.78,11.98,-7.14,506.35
P16_V,vertical,push,linear,two_tactor,376.85,15.09,-16.09,190.86
P17_H,horizontal,pull,zone,worst_axis,474.32,8.54,-2.61,215.43
P17_H,horizontal,pull,zone,worst_axis,140.56,11.06,-5.88,295.83
P17_H,horizontal,pull,zone,worst_axis,123.75,13.75,-8.56,-279.91
P17_H,horizontal,pull,linear,worst_axis,530.73,9.5,-1.35,-225.84
P17_H,horizontal,pull,linear,worst_axis,371.48,8.98,-2.76,478.11
P17_H,horizontal,pull,linear,worst_axis,201.08,9.16,2.34,7.25
P17_H,horizontal,pull,zone,two_tactor,269.57,9.47,-0.26,183.17
P17_H,horizontal,pull,zone,two_tactor,630.51,9.22,-3.1,579.33
P17_H,horizontal,pull,zone,two_tactor,545.11,16.72,11.58,598.77
P17_H,horizontal,pull,linear,two_tactor,394.18,8.2,-4.5,440.09
P17_H,horizontal,pull,linear,two_tactor,280.47,8.15,-2.47,339.42
P17_H,horizontal,pull,linear,two_tactor,270.22,9.28,-4.01,207.89
P17_H,horizontal,push,zone,two_tactor,506.37,8.16,-4.01,518.35
P17_H,horizontal,push,zone,two_tactor,206.61,6.79,-2.43,180.27
P17_H,horizontal,push,zone,two_tactor,1599.74,9.22,-7.28,421.13
P17_H,horizontal,push,zone,two_tactor,396.97,10.04,-5.23,517.79
P17_H,horizontal,push,zone,two_tactor,468.65,7.59,-1.13,282.57
P17_H,horizontal,push,zone,two_tactor,628.28,8.12,1.13,300.46
P17_H,horizontal,push,zone,worst_axis,154.28,12.9,-20.71,921.6
P17_H,horizontal,push,zone,worst_axis,1474.46,8.82,-4.46,361.98
P17_H,horizontal,push,zone,worst_axis,329.25,10.05,-9.04,662.27
P17_H,horizontal,push,linear,worst_axis,572.62,12.35,-2.17,743.6
P17_H,horizontal,push,linear,worst_axis,877.08,10.53,-10.39,687.69
P17_H,horizontal,push,linear,worst_axis,119.52,8.66,11.69,400.01
P17_V,vertical,push,linear,two_tactor,518.68,12.33,-8.93,579.75
P17_V,vertical,push,linear,two_tactor,4033.44,15.95,-9.69,435.95
P17_V,vertical,push,linear,two_tactor,1432.96,11.81,-6.04,331.85
P17_V,vertical,push,linear,two_tactor,1974.47,13.52,-2.45,462.82
P17_V,vertical,push,linear,two_tactor,6660.76,15.59,-8.26,435.66
P17_V,vertical,push,zone,two_tactor,2203.65,12.01,-8.73,732.84
P17_V,vertical,push,zone,two_tactor,8655.92,14.77,-8.21,390.76
P17_V,vertical,push,zone,two_tactor,763.2,11.31,-6.35,335.48
P17_V,vertical,push,linear,worst_axis,614.68,10.25,-4.09,214.03
P17_V,vertical,push,linear,worst_axis,443.47,11.98,-15.03,220.0
P17_V,vertical,push,linear,worst_axis,218.67,11.53,-6.1,544.02
P17_V,vertical,push,zone,worst_axis,960.08,7.43,-0.0,293.27
P17_V,vertical,push,zone,worst_axis,414.29,11.49,-7.76,392.57
P17_V,vertical,push,zone,worst_axis,2861.87,10.91,-6.35,430.38
P17_V,vertical,pull,linear,worst_axis,599.61,11.57,-6.48,363.12
P17_V,vertical,pull,linear,worst_axis,142.3,7.33,-11.02,221.98
P17_V,vertical,pull,linear,worst_axis,1020.31,13.67,-3.26,464.32
P17_V,vertical,pull,zone,worst_axis,386.76,9.88,-7.31,406.0
P17_V,vertical,pull,zone,worst_axis,955.55,12.52,-5.01,502.88
P17_V,vertical,pull,zone,worst_axis,200.89,10.77,-1.68,530.19
P17_V,vertical,pull,linear,two_tactor,1067.19,7.82,0.41,194.33
P17_V,vertical,pull,linear,two_tactor,383.08,8.77,-10.19,272.76
P17_V,vertical,pull,linear,two_tactor,261.95,12.54,-4.71,248.24
P17_V,vertical,pull,zone,two_tactor,405.36,8.53,-4.24,242.29
P17_V,vertical,pull,zone,two_tactor,687.78,14.37,-12.69,369.01
P17_V,vertical,pull,zone,two_tactor,1358.4,13.74,-15.98,540.69
P18_H,horizontal,push,linear,worst_axis,76.77,8.66,-0.22,449.64
P18_H,horizontal,push,linear,worst_axis,137.56,8.73,-3.18,455.06
P18_H,horizontal,push,linear,worst_axis,66.66,9.21,0.82,561.79
P18_H,horizontal,push,zone,worst_axis,259.03,10.84,-0.94,689.99
P18_H,horizontal,push,zone,worst_axis,101.71,7.67,-10.09,530.4
P18_H,horizontal,push,zone,worst_axis,147.08,11.7,-2.4,1160.09
P18_H,horizontal,push,linear,two_tactor,1013.72,6.92,-2.87,358.5
P18_H,horizontal,push,linear,two_tactor,377.96,7.91,3.63,419.65
P18_H,horizontal,push,linear,two_tactor,444.1,7.18,-0.6,263.42
P18_H,horizontal,push,zone,two_tactor,392.21,7.22,-1.04,407.86
P18_H,horizontal,push,zone,two_tactor,343.93,8.24,2.6,308.05
P18_H,horizontal,push,zone,two_tactor,260.63,9.83,2.1,620.57
P18_H,horizontal,pull,linear,two_tactor,316.06,8.3,0.45,419.54
P18_H,horizontal,pull,linear,two_tactor,134.08,9.8,-14.86,596.2
P18_H,horizontal,pull,linear,two_tactor,313.7,8.43,-1.81,490.59
P18_H,horizontal,pull,zone,two_tactor,148.63,11.19,-4.08,915.74
P18_H,horizontal,pull,zone,two_tactor,169.87,10.76,-7.83,305.31
P18_H,horizontal,pull,zone,two_tactor,305.74,9.33,3.2,457.93
P18_H,horizontal,pull,linear,worst_axis,135.83,10.13,-10.55,884.13
P18_H,horizontal,pull,linear,worst_axis,87.98,7.86,-0.77,187.28
P18_H,horizontal,pull,linear,worst_axis,66.83,9.65,-8.17,618.58
P18_H,horizontal,pull,zone,worst_axis,98.67,16.22,-7.53,462.32
P18_H,horizontal,pull,zone,worst_axis,99.68,9.76,-2.49,418.42
P18_H,horizontal,pull,zone,worst_axis,120.29,16.78,-13.1,653.6
P18_V,vertical,pull,zone,two_tactor,104.61,9.53,3.95,404.16
P18_V,vertical,pull,zone,two_tactor,115.08,8.35,-4.21,380.85
P18_V,vertical,pull,zone,two_tactor,60.07,11.75,7.51,566.02
P18_V,vertical,pull,linear,two_tactor,66.94,8.04,-5.45,455.4
P18_V,vertical,pull,linear,two_tactor,503.48,9.78,-2.59,407.95
P18_V,vertical,pull,linear,two_tactor,94.76,5.89,2.76,398.99
P18_V,vertical,pull,zone,worst_axis,121.25,10.57,2.63,383.36
P18_V,vertical,pull,zone,worst_axis,58.86,14.22,-5.61,795.78
P18_V,vertical,pull,zone,worst_axis,61.12,7.46,-5.04,294.73
P18_V,vertical,pull,linear,worst_axis,54.23,8.34,3.23,618.74
P18_V,vertical,pull,linear,worst_axis,268.7,12.87,-7.45,1163.57
P18_V,vertical,pull,linear,worst_axis,56.91,7.8,-5.15,496.7
P18_V,vertical,push,zone,worst_axis,313.35,6.91,0.69,355.18
P18_V,vertical,push,zone,worst_axis,134.74,8.69,4.6,215.94
P18_V,vertical,push,zone,worst_axis,79.15,9.21,-0.44,457.92
P18_V,vertical,push,linear,worst_axis,67.34,8.83,-1.06,200.27
P18_V,vertical,push,linear,worst_axis,56.77,12.93,-19.9,238.67
P18_V,vertical,push,linear,worst_axis,76.94,7.28,-2.51,363.48
P18_V,vertical,push,zone,two_tactor,633.8,6.83,-1.65,434.3
P18_V,vertical,push,zone,two_tactor,114.39,6.92,6.84,486.04
P18_V,vertical,push,zone,two_tactor,267.99,8.07,1.8,329.93
P18_V,vertical,push,linear,two_tactor,547.16,14.07,-2.18,563.82
P18_V,vertical,push,linear,two_tactor,61.06,6.58,-3.25,511.8
P18_V,vertical,push,linear,two_tactor,678.08,9.85,-1.5,324.3
P19_H,horizontal,push,zone,two_tactor,871.49,14.84,-12.89,1068.12
P19_H,horizontal,push,zone,two_tactor,1338.72,17.26,-16.29,1269.9
P19_H,horizontal,push,zone,two_tactor,749.54,14.34,-13.35,792.09
P19_H,horizontal,push,linear,two_tactor,937.31,15.94,-14.09,1294.96
P19_H,horizontal,push,linear,two_tactor,1728.68,17.53,-16.12,710.39
P19_H,horizontal,push,linear,two_tactor,567.38,15.17,-12.4,1163.61
P19_H,horizontal,push,zone,worst_axis,284.39,16.7,-8.78,614.6
P19_H,horizontal,push,zone,worst_axis,1692.08,22.68,-4.51,1730.22
P19_H,horizontal,push,zone,worst_axis,550.56,14.01,-17.28,928.46
P19_H,horizontal,push,linear,worst_axis,291.84,13.0,-5.86,827.39
P19_H,horizontal,push,linear,worst_axis,516.44,10.26,-4.84,614.46
P19_H,horizontal,push,linear,worst_axis,1572.37,14.52,-12.92,980.93
P19_H,horizontal,pull,zone,worst_axis,274.29,7.0,-5.76,555.1
P19_H,horizontal,pull,zone,worst_axis,749.6,9.64,-9.19,379.2
P19_H,horizontal,pull,zone,worst_axis,393.17,11.21,-6.63,541.26
P19_H,horizontal,pull,linear,worst_axis,323.04,12.59,-16.73,328.21
P19_H,horizontal,pull,linear,worst_axis,125.46,16.26,-11.27,829.65
P19_H,horizontal,pull,linear,worst_axis,357.77,16.71,-26.12,1163.95
P19_H,horizontal,pull,zone,two_tactor,3960.27,15.26,-9.84,723.88
P19_H,horizontal,pull,zone,two_tactor,431.88,7.62,-3.62,641.46
P19_H,horizontal,pull,zone,two_tactor,862.9,9.69,-6.11,736.18
P19_H,horizontal,pull,linear,two_tactor,602.85,12.37,-3.11,646.43
P19_H,horizontal,pull,linear,two_tactor,166.08,8.85,-12.18,453.31
P19_H,horizontal,pull,linear,two_tactor,6423.76,13.14,-10.08,670.95
P19_V,vertical,push,linear,two_tactor,2832.57,8.29,-3.16,445.69
P19_V,vertical,push,linear,two_tactor,991.97,8.45,-3.17,452.73
P19_V,vertical,push,linear,two_tactor,591.27,7.66,-1.72,350.55
P19_V,vertical,push,zone,two_tactor,2509.57,11.61,-13.9,576.24
P19_V,vertical,push,zone,two_tactor,1106.45,8.26,-6.36,421.56
P19_V,vertical,push,zone,two_tactor,2597.76,9.46,-5.09,363.76
P19_V,vertical,push,linear,worst_axis,455.87,6.15,-3.35,221.0
P19_V,vertical,push,linear,worst_axis,796.7,9.71,-6.08,429.79
P19_V,vertical,push,linear,worst_axis,252.7,5.36,-3.26,243.5
P19_V,vertical,push,zone,worst_axis,567.53,7.07,2.02,341.0
P19_V,vertical,push,zone,worst_axis,145.41,5.91,-3.74,256.67
P19_V,vertical,push,zone,worst_axis,278.37,6.12,-4.48,469.59
P19_V,vertical,pull,linear,worst_axis,1018.98,6.38,-2.4,184.87
P19_V,vertical,pull,linear,worst_axis,131.69,6.57,3.55,150.55
P19_V,vertical,pull,linear,worst_axis,493.21,6.61,-0.99,239.16
P19_V,vertical,pull,zone,worst_axis,169.51,9.01,-3.47,446.34
P19_V,vertical,pull,zone,worst_axis,515.82,7.37,-8.26,355.78
P19_V,vertical,pull,zone,worst_axis,112.91,7.06,-0.43,449.38
P19_V,vertical,pull,linear,two_tactor,407.01,6.52,0.3,320.35
P19_V,vertical,pull,linear,two_tactor,289.48,9.42,-1.43,361.41
P19_V,vertical,pull,linear,two_tactor,379.31,6.37,-0.65,245.15
P19_V,vertical,pull,zone,two_tactor,271.92,11.63,-13.89,406.72
P19_V,vertical,pull,zone,two_tactor,379.17,7.32,-3.48,489.25
P19_V,vertical,pull,zone,two_tactor,241.53,12.89,-6.67,645.99
P20_V,vertical,push,linear,two_tactor,440.2,6.52,-2.35,344.09
P20_V,vertical,push,linear,two_tactor,755.34,12.51,-5.82,512.13
P20_V,vertical,pull,zone,two_tactor,211.74,8.12,-11.66,943.79
P20_V,vertical,pull,zone,two_tactor,222.44,12.44,-9.87,2.93
P20_V,vertical,pull,zone,two_tactor,158.74,10.97,5.43,363.72
P20_V,vertical,pull,linear,two_tactor,227.68,9.51,-11.28,913.13
P20_V,vertical,pull,linear,two_tactor,206.21,15.58,-16.12,820.08
P20_V,vertical,pull,linear,two_tactor,284.56,14.43,1.36,928.91
P20_V,vertical,pull,zone,worst_axis,1131.62,16.13,-8.02,1165.04
P20_V,vertical,pull,zone,worst_axis,413.6,12.44,-3.38,202.74
P20_V,vertical,pull,zone,worst_axis,70.8,12.8,-2.71,160.21
P20_V,vertical,pull,linear,worst_axis,7040.15,15.37,-25.64,599.14
P20_V,vertical,pull,linear,worst_axis,294.42,12.21,-3.59,502.86
P20_V,vertical,pull,linear,worst_axis,396.89,15.72,-24.66,909.58
P20_V,vertical,push,zone,worst_axis,240.22,10.19,-1.11,655.12
P20_V,vertical,push,zone,worst_axis,574.33,12.75,-6.73,502.95
P20_V,vertical,push,zone,worst_axis,128.99,8.73,-4.04,702.94
P20_V,vertical,push,linear,worst_axis,509.39,15.28,-13.39,701.01
P20_V,vertical,push,linear,worst_axis,199.94,15.39,-10.23,487.53
P20_V,vertical,push,linear,worst_axis,299.53,12.15,-19.02,789.63
P20_V,vertical,push,zone,two_tactor,1182.09,14.6,-12.69,724.89
P20_V,vertical,push,zone,two_tactor,582.54,11.88,-17.18,810.84
P20_V,vertical,push,zone,two_tactor,425.91,16.21,-8.32,1407.3
P20_V,vertical,push,linear,two_tactor,99.2,20.77,-16.0,2272.52
P20_H,horizontal,push,linear,worst_axis,219.25,6.04,-0.05,350.08
P20_H,horizontal,push,linear,worst_axis,95.55,7.85,7.79,536.6
P20_H,horizontal,push,linear,worst_axis,225.9,8.77,-0.68,415.62
P20_H,horizontal,push,zone,worst_axis,127.06,7.53,-4.15,486.85
P20_H,horizontal,push,zone,worst_axis,255.74,6.42,-0.88,430.65
P20_H,horizontal,push,zone,worst_axis,614.98,7.12,-7.93,368.39
P20_H,horizontal,push,linear,two_tactor,693.09,8.13,-0.41,59.6
P20_H,horizontal,push,linear,two_tactor,90.66,10.64,5.18,968.61
P20_H,horizontal,push,linear,two_tactor,343.8,7.42,4.1,813.46
P20_H,horizontal,push,zone,two_tactor,941.0,7.33,-0.07,440.62
P20_H,horizontal,push,zone,two_tactor,1137.88,7.9,-0.73,394.19
P20_H,horizontal,push,zone,two_tactor,104.04,8.29,-1.26,214.81
P20_H,horizontal,pull,linear,two_tactor,605.95,6.33,2.33,449.7
P20_H,horizontal,pull,linear,two_tactor,634.03,7.24,-4.15,437.72
P20_H,horizontal,pull,linear,two_tactor,148.93,7.88,-1.8,385.02
P20_H,horizontal,pull,zone,two_tactor,366.7,12.62,-1.19,956.28
P20_H,horizontal,pull,zone,two_tactor,237.74,7.13,2.41,303.38
P20_H,horizontal,pull,zone,two_tactor,177.53,8.17,-11.16,423.83
P20_H,horizontal,pull,linear,worst_axis,350.1,8.58,7.74,254.68
P20_H,horizontal,pull,linear,worst_axis,161.68,9.41,2.4,623.19
P20_H,horizontal,pull,linear,worst_axis,9132.58,13.55,-2.48,696.91
P20_H,horizontal,pull,zone,worst_axis,746.57,13.03,-8.01,828.98
P20_H,horizontal,pull,zone,worst_axis,145.98,11.71,2.94,534.61
P20_H,horizontal,pull,zone,worst_axis,167.45,15.06,2.45,2084.44
P21_H,horizontal,pull,zone,worst_axis,1068.16,17.93,-9.92,431.19
P21_H,horizontal,pull,zone,worst_axis,861.64,28.3,3.25,3115.67
P21_H,horizontal,pull,zone,worst_axis,125.75,11.66,-36.3,675.71
P21_H,horizontal,pull,linear,worst_axis,616.53,26.65,-23.61,1288.06
P21_H,horizontal,pull,linear,worst_axis,656.2,29.52,-50.91,1486.73
P21_H,horizontal,pull,linear,worst_axis,694.98,27.38,4.8,2401.68
P21_H,horizontal,pull,zone,two_tactor,601.94,22.05,-5.28,487.99
P21_H,horizontal,pull,zone,two_tactor,5193.68,25.51,-12.32,1283.01
P21_H,horizontal,pull,zone,two_tactor,1007.45,19.61,-0.32,1018.36
P21_H,horizontal,pull,linear,two_tactor,1081.86,15.99,-16.23,990.91
P21_H,horizontal,pull,linear,two_tactor,482.99,15.68,5.21,1312.45
P21_H,horizontal,pull,linear,two_tactor,1075.69,18.82,0.93,1072.36
P21_H,horizontal,push,zone,two_tactor,1183.89,22.04,-5.94,747.19
P21_H,horizontal,push,zone,two_tactor,466.36,19.12,-10.64,1100.74
P21_H,horizontal,push,zone,two_tactor,648.04,21.3,-25.92,1568.86
P21_H,horizontal,push,linear,two_tactor,3046.26,20.06,-8.62,1166.9
P21_H,horizontal,push,linear,two_tactor,879.09,19.49,3.77,799.13
P21_H,horizontal,push,linear,two_tactor,1374.95,19.26,1.88,649.64
P21_H,horizontal,push,zone,worst_axis,282.76,21.72,-1.94,955.21
P21_H,horizontal,push,zone,worst_axis,1854.56,19.26,-7.81,970.16
P21_H,horizontal,push,zone,worst_axis,234.27,14.41,-4.4,521.95
P21_H,horizontal,push,linear,worst_axis,1984.23,23.46,-8.51,1136.3
P21_H,horizontal,push,linear,worst_axis,215.57,20.34,-2.91,-88.1
P21_H,horizontal,push,linear,worst_axis,263.81,15.72,7.73,533.0
P21_V,vertical,push,linear,two_tactor,2307.18,16.83,-4.44,633.84
P21_V,vertical,push,linear,two_tactor,4050.22,18.11,-12.61,271.95
P21_V,vertical,push,linear,two_tactor,1376.92,16.74,-7.91,702.77
P21_V,vertical,push,zone,two_tactor,3131.58,15.5,-12.98,523.25
P21_V,vertical,push,zone,two_tactor,2053.69,18.08,-12.39,758.83
P21_V,vertical,push,zone,two_tactor,840.72,14.67,-10.16,739.08
P21_V,vertical,push,linear,worst_axis,2107.93,15.16,-11.2,570.36
P21_V,vertical,push,linear,worst_axis,995.33,13.59,-6.08,324.08
P21_V,vertical,push,linear,worst_axis,3510.13,15.15,-7.62,583.37
P21_V,vertical,push,zone,worst_axis,595.08,13.26,-16.41,640.5
P21_V,vertical,push,zone,worst_axis,4114.46,17.51,-7.82,483.8
P21_V,vertical,push,zone,worst_axis,3911.46,15.7,-19.44,704.6
P21_V,vertical,pull,linear,worst_axis,959.76,17.34,-8.58,1022.69
P21_V,vertical,pull,linear,worst_axis,518.53,15.58,-10.31,773.44
P21_V,vertical,pull,linear,worst_axis,480.78,13.33,-13.37,699.34
P21_V,vertical,pull,zone,worst_axis,1804.7,13.96,-10.44,528.69
P21_V,vertical,pull,zone,worst_axis,1402.79,18.73,-22.97,905.64
P21_V,vertical,pull,zone,worst_axis,2629.41,20.68,-18.25,1154.45
P21_V,vertical,pull,linear,two_tactor,3442.5,17.41,-13.78,425.57
P21_V,vertical,pull,linear,two_tactor,1799.57,15.53,-13.32,712.25
P21_V,vertical,pull,linear,two_tactor,1558.2,16.38,-17.69,920.0
P21_V,vertical,pull,zone,two_tactor,1005.03,12.29,-8.32,625.04
P21_V,vertical,pull,zone,two_tactor,948.07,17.66,-23.8,862.91
P21_V,vertical,pull,zone,two_tactor,422.02,13.0,3.9,566.11
P22_H,horizontal,push,linear,worst_axis,236.82,8.24,-1.91,461.66
P22_H,horizontal,push,linear,worst_axis,161.22,7.21,0.64,177.67
P22_H,horizontal,push,linear,worst_axis,134.55,6.53,0.6,456.42
P22_H,horizontal,push,zone,worst_axis,347.04,7.91,-4.32,436.73
P22_H,horizontal,push,zone,worst_axis,99.45,11.77,-3.03,100.44
P22_H,horizontal,push,zone,worst_axis,144.41,9.89,-0.58,328.38
P22_H,horizontal,push,linear,two_tactor,468.71,8.45,-4.02,479.01
P22_H,horizontal,push,linear,two_tactor,367.47,7.54,-2.08,426.32
P22_H,horizontal,push,linear,two_tactor,131.37,6.98,-5.29,-7.1
P22_H,horizontal,push,zone,two_tactor,194.72,8.26,-3.68,365.66
P22_H,horizontal,push,zone,two_tactor,95.49,8.12,-2.2,420.37
P22_H,horizontal,push,zone,two_tactor,241.48,10.99,-0.99,158.54
P22_H,horizontal,pull,linear,two_tactor,425.65,8.1,-3.27,254.96
P22_H,horizontal,pull,linear,two_tactor,177.51,8.39,1.21,451.34
P22_H,horizontal,pull,linear,two_tactor,202.66,6.92,-2.43,345.46
P22_H,horizontal,pull,zone,two_tactor,134.27,11.12,-8.8,598.32
P22_H,horizontal,pull,zone,two_tactor,85.28,11.95,-0.93,661.65
P22_H,horizontal,pull,zone,two_tactor,90.95,10.88,5.15,606.83
P22_H,horizontal,pull,linear,worst_axis,83.68,13.01,11.68,875.27
P22_H,horizontal,pull,linear,worst_axis,90.52,11.34,-0.57,421.78
P22_H,horizontal,pull,linear,worst_axis,86.06,9.56,5.11,393.39
P22_H,horizontal,pull,zone,worst_axis,86.37,11.41,-4.47,421.95
P22_H,horizontal,pull,zone,worst_axis,75.61,12.22,-7.33,1010.1
P22_H,horizontal,pull,zone,worst_axis,73.67,10.2,-13.55,180.47
P22_V,vertical,pull,zone,two_tactor,505.84,13.13,-0.92,533.72
P22_V,vertical,pull,zone,two_tactor,202.73,13.53,-10.37,704.59
P22_V,vertical,pull,zone,two_tactor,235.9,14.02,-4.9,912.93
P22_V,vertical,pull,linear,two_tactor,137.75,15.41,-1.33,902.06
P22_V,vertical,pull,linear,two_tactor,268.27,13.92,-6.49,607.69
P22_V,vertical,pull,linear,two_tactor,4392.94,18.09,-11.26,625.43
P22_V,vertical,pull,zone,worst_axis,337.07,17.29,18.13,-361.8
P22_V,vertical,pull,zone,worst_axis,346.54,14.13,-1.17,696.36
P22_V,vertical,pull,zone,worst_axis,141.62,11.11,4.71,329.08
P22_V,vertical,pull,linear,worst_axis,310.0,14.76,-17.62,829.88
P22_V,vertical,pull,linear,worst_axis,118.1,12.44,0.25,631.78
P22_V,vertical,pull,linear,worst_axis,231.33,19.49,13.7,508.29
P22_V,vertical,push,zone,worst_axis,2236.23,19.22,-19.22,649.82
P22_V,vertical,push,zone,worst_axis,1151.7,20.15,-10.02,490.56
P22_V,vertical,push,zone,worst_axis,703.64,16.75,-2.13,678.52
P22_V,vertical,push,linear,worst_axis,793.39,12.88,-7.83,437.07
P22_V,vertical,push,linear,worst_axis,120.41,11.55,-10.3,430.31
P22_V,vertical,push,linear,worst_axis,184.14,21.04,-27.66,7.36
P22_V,vertical,push,zone,two_tactor,524.46,14.73,-2.16,787.05
P22_V,vertical,push,zone,two_tactor,568.27,17.55,-0.54,782.53
P22_V,vertical,push,zone,two_tactor,1675.38,14.02,-6.33,424.96
P22_V,vertical,push,linear,two_tactor,354.47,11.86,-5.26,491.86
P22_V,vertical,push,linear,two_tactor,583.53,14.41,-15.51,896.71
P22_V,vertical,push,linear,two_tactor,629.8,21.81,-19.49,694.74
P23_H,horizontal,pull,zone,worst_axis,299.96,20.12,9.3,1839.99
P23_H,horizontal,pull,zone,worst_axis,222.99,34.85,33.29,4820.53
P23_H,horizontal,pull,zone,worst_axis,157.25,75.64,-7.28,2377.91
P23_H,horizontal,pull,linear,worst_axis,7944.68,28.23,-25.23,1485.42
P23_H,horizontal,pull,linear,worst_axis,263.09,14.54,-15.2,1438.97
P23_H,horizontal,pull,linear,worst_axis,280.06,42.09,-1.0,1154.91
P23_H,horizontal,pull,zone,two_tactor,1118.31,22.23,-29.64,875.35
P23_H,horizontal,pull,zone,two_tactor,138.17,34.28,-25.48,1755.24
P23_H,horizontal,pull,zone,two_tactor,60.01,13.57,-0.44,1360.6
P23_H,horizontal,pull,linear,two_tactor,2447.13,24.38,-15.14,1982.99
P23_H,horizontal,pull,linear,two_tactor,848.06,28.2,-29.15,1506.23
P23_H,horizontal,pull,linear,two_tactor,544.51,23.39,-54.31,1877.06
P23_H,horizontal,push,zone,two_tactor,1260.69,26.75,-16.84,1379.79
P23_H,horizontal,push,zone,two_tactor,641.54,20.12,-3.71,830.56
P23_H,horizontal,push,zone,two_tactor,364.81,18.8,-23.94,948.73
P23_H,horizontal,push,linear,two_tactor,759.6,27.32,-32.95,2255.66
P23_H,horizontal,push,linear,two_tactor,772.36,28.0,-40.7,2480.93
P23_H,horizontal,push,linear,two_tactor,299.86,22.03,-25.1,1585.68
P23_H,horizontal,push,zone,worst_axis,998.54,26.18,-15.42,1292.65
P23_H,horizontal,push,zone,worst_axis,518.99,18.8,-12.71,384.92
P23_H,horizontal,push,zone,worst_axis,1029.2,26.17,-42.1,1229.82
P23_H,horizontal,push,linear,worst_axis,3299.39,21.98,-18.3,1799.43
P23_H,horizontal,push,linear,worst_axis,242.91,24.86,-13.05,1951.77
P23_H,horizontal,push,linear,worst_axis,488.59,20.7,-12.61,419.46
P23_V,vertical,push,linear,two_tactor,982.1,12.51,-12.42,585.1
P23_V,vertical,push,linear,two_tactor,804.72,12.49,-17.49,561.31
P23_V,vertical,push,linear,two_tactor,643.64,12.81,0.64,307.68
P23_V,vertical,push,zone,two_tactor,1852.31,17.15,-17.91,894.56
P23_V,vertical,push,zone,two_tactor,1212.73,15.12,-9.7,411.36
P23_V,vertical,push,zone,two_tactor,1452.61,17.08,-18.22,757.17
P23_V,vertical,push,linear,worst_axis,93.14,9.05,-11.67,296.5
P23_V,vertical,push,linear,worst_axis,252.8,14.44,-21.94,758.68
P23_V,vertical,push,linear,worst_axis,485.33,13.97,-14.16,536.2
P23_V,vertical,push,zone,worst_axis,545.84,14.03,-23.64,626.93
P23_V,vertical,push,zone,worst_axis,935.05,12.65,-8.18,583.85
P23_V,vertical,push,zone,worst_axis,374.81,12.83,-9.48,817.82
P23_V,vertical,pull,linear,worst_axis,183.39,11.91,-5.13,407.73
P23_V,vertical,pull,linear,worst_axis,203.99,24.38,-39.96,738.51
P23_V,vertical,pull,linear,worst_axis,1853.6,12.98,-15.05,564.04
P23_V,vertical,pull,zone,worst_axis,822.96,15.05,-19.7,816.77
P23_V,vertical,pull,zone,worst_axis,1015.47,15.2,-21.67,647.12
P23_V,vertical,pull,zone,worst_axis,177.14,13.7,-2.29,1383.99
P23_V,vertical,pull,linear,two_tactor,132.11,9.29,-2.9,343.6
P23_V,vertical,pull,linear,two_tactor,6749.02,14.45,-15.24,606.73
P23_V,vertical,pull,linear,two_tactor,2050.52,13.99,-17.55,394.84
P23_V,vertical,pull,zone,two_tactor,799.01,18.75,-10.18,750.17
P23_V,vertical,pull,zone,two_tactor,255.15,6.97,-4.59,380.93
P23_V,vertical,pull,zone,two_tactor,1881.75,14.82,-13.77,752.91
