10/9/2023 13:24,P1,M,0,5,5,1,two-tactor,push,linear,vertical,Combined_Condition
10/9/2023 13:26,P1,M,2,6,5,1,two-tactor,push,zone,vertical,vertical_push_two-tactor
10/9/2023 13:27,P1,M,4,6,6,1,worst-axis,push,linear,vertical,vertical_push_worst-axis
10/9/2023 13:29,P1,M,6,6,5,1,worst-axis,push,zone,vertical,vertical_push_worst-axis
10/9/2023 13:30,P1,M,12,7,7,1,worst-axis,pull,linear,vertical,vertical_pull_worst-axis
10/9/2023 13:31,P1,M,14,7,7,1,worst-axis,pull,zone,vertical,vertical_pull_worst-axis
10/9/2023 13:32,P1,M,8,5,5,1,two-tactor,pull,linear,vertical,vertical_pull_two-tactor
10/9/2023 13:35,P1,M,10,4,4,2,two-tactor,pull,zone,vertical,vertical_pull_two-tactor
10/9/2023 13:44,P1,M,15,7,7,1,worst-axis,pull,zone,horizontal,horizontal_pull_worst-axis
10/9/2023 13:45,P1,M,13,7,7,1,worst-axis,pull,linear,horizontal,horizontal_pull_worst-axis
10/9/2023 13:46,P1,M,11,5,5,1,two-tactor,pull,zone,horizontal,horizontal_pull_two-tactor
10/9/2023 13:48,P1,M,9,5,5,1,two-tactor,pull,linear,horizontal,horizontal_pull_two-tactor
10/9/2023 13:49,P1,M,3,4,4,1,two-tactor,push,zone,horizontal,horizontal_push_two-tactor
10/9/2023 13:51,P1,M,1,4,4,1,two-tactor,push,linear,horizontal,horizontal_push_two-tactor
10/9/2023 13:52,P1,M,7,7,7,1,worst-axis,push,zone,horizontal,horizontal_push_worst-axis
10/9/2023 13:53,P1,M,5,7,7,1,worst-axis,push,linear,horizontal,horizontal_push_worst-axis
10/11/2023 10:36,P2,M,5,5,5,1,worst-axis,push,linear,horizontal,horizontal_push_worst-axis
10/11/2023 10:38,P2,M,7,6,5,1,worst-axis,push,zone,horizontal,horizontal_push_worst-axis
10/11/2023 10:42,P2,M,1,4,3,2,two-tactor,push,linear,horizontal,horizontal_push_two-tactor
10/11/2023 10:44,P2,M,3,4,3,2,two-tactor,push,zone,horizontal,horizontal_push_two-tactor
10/11/2023 10:46,P2,M,9,5,5,1,two-tactor,pull,linear,horizontal,horizontal_pull_two-tactor
10/11/2023 10:48,P2,M,11,4,4,2,two-tactor,pull,zone,horizontal,horizontal_pull_two-tactor
10/11/2023 10:50,P2,M,13,6,6,1,worst-axis,pull,linear,horizontal,horizontal_pull_worst-axis
10/11/2023 10:51,P2,M,15,6,6,1,worst-axis,pull,zone,horizontal,horizontal_pull_worst-axis
10/11/2023 11:03,P2,M,10,4,4,2,two-tactor,pull,zone,vertical,vertical_pull_two-tactor
10/11/2023 11:05,P2,M,8,4,4,2,two-tactor,pull,linear,vertical,vertical_pull_two-tactor
10/11/2023 11:06,P2,M,14,5,5,1,worst-axis,pull,zone,vertical,vertical_pull_worst-axis
10/11/2023 11:10,P2,M,12,4,4,2,worst-axis,pull,linear,vertical,vertical_pull_worst-axis
10/11/2023 11:12,P2,M,6,6,5,1,worst-axis,push,zone,vertical,vertical_push_worst-axis
10/11/2023 11:16,P2,M,4,3,4,3,worst-axis,push,linear,vertical,vertical_push_worst-axis
10/11/2023 11:18,P2,M,2,6,5,1,two-tactor,push,zone,vertical,vertical_push_two-tactor
10/11/2023 11:20,P2,M,0,6,6,1,two-tactor,push,linear,vertical,vertical_push_two-tactor
10/13/2023 15:35,P3,M,0,3,2,1,two-tactor,push,linear,vertical,vertical_push_two-tactor
10/13/2023 15:40,P3,M,2,2,1,1,two-tactor,push,zone,vertical,vertical_push_two-tactor
10/13/2023 15:45,P3,M,4,2,1,1,worst-axis,push,linear,vertical,vertical_push_worst-axis
10/13/2023 15:49,P3,M,6,4,6,1,worst-axis,push,zone,vertical,vertical_push_worst-axis
10/13/2023 15:52,P3,M,12,3,2,1,worst-axis,pull,linear,vertical,vertical_pull_worst-axis
10/13/2023 15:54,P3,M,14,5,1,1,worst-axis,pull,zone,vertical,vertical_pull_worst-axis
10/13/2023 16:00,P3,M,8,3,5,1,two-tactor,pull,linear,vertical,vertical_pull_two-tactor
10/13/2023 16:02,P3,M,10,3,5,1,two-tactor,pull,zone,vertical,vertical_pull_two-tactor
10/13/2023 16:09,P3,M,15,4,5,1,worst-axis,pull,zone,horizontal,horizontal_pull_worst-axis
10/13/2023 16:14,P3,M,13,3,2,1,worst-axis,pull,linear,horizontal,horizontal_pull_worst-axis
10/13/2023 16:17,P3,M,11,2,5,1,two-tactor,pull,zone,horizontal,horizontal_pull_two-tactor
10/13/2023 16:20,P3,M,9,3,4,1,two-tactor,pull,linear,horizontal,horizontal_pull_two-tactor
10/13/2023 16:36,P3,M,3,6,3,1,two-tactor,push,zone,horizontal,horizontal_push_two-tactor
10/13/2023 16:38,P3,M,1,5,3,2,two-tactor,push,linear,horizontal,horizontal_push_two-tactor
10/13/2023 16:42,P3,M,7,4,5,1,worst-axis,push,zone,horizontal,horizontal_push_worst-axis
10/13/2023 16:45,P3,M,5,2,5,1,worst-axis,push,linear,horizontal,horizontal_push_worst-axis
10/16/2023 11:26,P4,F,5,6,2,1,worst-axis,push,linear,horizontal,horizontal_push_worst-axis
10/16/2023 11:31,P4,F,7,6,3,2,worst-axis,push,zone,horizontal,horizontal_push_worst-axis
10/16/2023 11:43,P4,F,1,5,2,3,two-tactor,push,linear,horizontal,horizontal_push_two-tactor
10/16/2023 11:52,P4,F,3,6,3,2,two-tactor,push,zone,horizontal,horizontal_push_two-tactor
10/16/2023 11:56,P4,F,9,6,5,2,two-tactor,pull,linear,horizontal,horizontal_pull_two-tactor
10/16/2023 12:02,P4,F,11,6,5,2,two-tactor,pull,zone,horizontal,horizontal_pull_two-tactor
10/16/2023 12:07,P3,F,13,7,6,1,worst-axis,pull,linear,horizontal,horizontal_pull_worst-axis
10/16/2023 12:10,P4,F,15,7,6,1,worst-axis,pull,zone,horizontal,horizontal_pull_worst-axis
10/16/2023 12:16,P4,F,10,5,5,2,two-tactor,pull,zone,vertical,vertical_pull_two-tactor
10/16/2023 12:20,P4,F,8,6,5,2,two-tactor,pull,linear,vertical,vertical_pull_two-tactor
10/16/2023 12:23,P4,F,14,6,6,2,worst-axis,pull,zone,vertical,vertical_pull_worst-axis
10/16/2023 12:24,P4,F,12,7,6,1,worst-axis,pull,linear,vertical,vertical_pull_worst-axis
10/16/2023 12:28,P4,F,6,5,4,2,worst-axis,push,zone,vertical,vertical_push_worst-axis
10/16/2023 12:32,P4,F,4,5,5,3,worst-axis,push,linear,vertical,vertical_push_worst-axis
10/16/2023 12:39,P4,F,2,4,3,4,two-tactor,push,zone,vertical,vertical_push_two-tactor
10/16/2023 12:47,P4,F,0,4,2,4,two-tactor,push,linear,vertical,vertical_push_two-tactor
10/18/2023 11:50,P5,M,0,2,3,5,two-tactor,push,linear,vertical,vertical_push_two-tactor
10/18/2023 11:52,P5,M,2,5,5,4,two-tactor,push,zone,vertical,vertical_push_two-tactor
10/18/2023 11:54,P5,M,4,6,6,2,worst-axis,push,linear,vertical,vertical_push_worst-axis
10/18/2023 11:56,P5,M,6,6,6,2,worst-axis,push,zone,vertical,vertical_push_worst-axis
10/18/2023 11:58,P5,M,12,7,7,1,worst-axis,pull,linear,vertical,vertical_pull_worst-axis
10/18/2023 11:59,P5,M,14,7,7,1,worst-axis,pull,zone,vertical,vertical_pull_worst-axis
10/18/2023 12:01,P5,M,8,6,6,1,two-tactor,pull,linear,vertical,vertical_pull_two-tactor
10/18/2023 12:03,P5,M,10,7,6,1,two-tactor,pull,zone,vertical,vertical_pull_two-tactor
10/18/2023 12:09,P5,M,15,7,7,1,worst-axis,pull,zone,horizontal,horizontal_pull_worst-axis
10/18/2023 12:10,P5,M,13,7,7,1,worst-axis,pull,linear,horizontal,horizontal_pull_worst-axis
10/18/2023 12:13,P5,M,11,6,6,2,two-tactor,pull,zone,horizontal,horizontal_pull_two-tactor
10/18/2023 12:14,P5,M,9,6,6,1,two-tactor,pull,linear,horizontal,horizontal_pull_two-tactor
10/18/2023 12:16,P5,M,3,5,5,2,two-tactor,push,zone,horizontal,horizontal_push_two-tactor
10/18/2023 12:18,P5,M,1,5,5,2,two-tactor,push,linear,horizontal,horizontal_push_two-tactor
10/18/2023 12:19,P5,M,7,6,6,1,worst-axis,push,zone,horizontal,horizontal_push_worst-axis
10/18/2023 12:20,P5,M,5,7,7,1,worst-axis,push,linear,horizontal,horizontal_push_worst-axis
10/19/2023 16:32,P6,M,5,6,5,2,worst-axis,push,linear,horizontal,horizontal_push_worst-axis
10/19/2023 16:35,P6,M,7,7,6,1,worst-axis,push,zone,horizontal,horizontal_push_worst-axis
10/19/2023 16:38,P6,M,1,4,3,3,two-tactor,push,linear,horizontal,horizontal_push_two-tactor
10/19/2023 16:40,P6,M,3,4,4,3,two-tactor,push,zone,horizontal,horizontal_push_two-tactor
10/19/2023 16:43,P6,M,9,5,5,2,two-tactor,pull,linear,horizontal,horizontal_pull_two-tactor
10/19/2023 16:45,P6,M,11,6,6,1,two-tactor,pull,zone,horizontal,horizontal_pull_two-tactor
10/19/2023 16:48,P6,M,13,7,7,1,worst-axis,pull,linear,horizontal,horizontal_pull_worst-axis
10/19/2023 16:50,P6,M,15,7,7,1,worst-axis,pull,zone,horizontal,horizontal_pull_worst-axis
10/19/2023 16:59,P6,M,10,7,7,1,two-tactor,pull,zone,vertical,vertical_pull_two-tactor
10/19/2023 17:00,P6,M,8,7,7,1,two-tactor,pull,linear,vertical,vertical_pull_two-tactor
10/19/2023 17:02,P6,M,14,7,7,1,worst-axis,pull,zone,vertical,vertical_pull_worst-axis
10/19/2023 17:03,P6,M,12,7,7,1,worst-axis,pull,linear,vertical,vertical_pull_worst-axis
10/19/2023 17:05,P6,M,6,5,4,2,worst-axis,push,zone,vertical,vertical_push_worst-axis
10/19/2023 17:09,P6,M,4,6,6,1,worst-axis,push,linear,vertical,vertical_push_worst-axis
10/19/2023 17:13,P6,M,2,3,4,4,two-tactor,push,zone,vertical,vertical_push_two-tactor
10/19/2023 17:18,P6,M,0,5,5,3,two-tactor,push,linear,vertical,vertical_push_two-tactor
10/30/2023 14:24,P7,F,0,2,3,5,two-tactor,push,linear,vertical,vertical_push_two-tactor
10/30/2023 14:33,P7,F,2,3,6,5,two-tactor,push,zone,vertical,vertical_push_two-tactor
10/30/2023 14:39,P7,F,4,5,6,3,worst-axis,push,linear,vertical,vertical_push_worst-axis
10/30/2023 14:40,P7,F,6,6,6,2,worst-axis,push,zone,vertical,vertical_push_worst-axis
10/30/2023 14:42,P7,F,12,6,7,3,worst-axis,pull,linear,vertical,vertical_pull_worst-axis
10/30/2023 14:43,P7,F,14,7,7,2,worst-axis,pull,zone,vertical,vertical_pull_worst-axis
10/30/2023 14:46,P7,F,8,5,6,3,two-tactor,pull,linear,vertical,vertical_pull_two-tactor
10/30/2023 14:51,P7,F,10,2,5,6,two-tactor,pull,zone,vertical,vertical_pull_two-tactor
10/30/2023 14:57,P7,F,15,7,7,1,worst-axis,pull,zone,horizontal,horizontal_pull_worst-axis
10/30/2023 14:58,P7,F,13,6,7,2,worst-axis,pull,linear,horizontal,horizontal_pull_worst-axis
10/30/2023 15:02,P7,F,11,3,5,5,two-tactor,pull,zone,horizontal,horizontal_pull_two-tactor
10/30/2023 15:04,P7,F,9,5,6,4,two-tactor,pull,linear,horizontal,horizontal_pull_two-tactor
10/30/2023 15:05,P7,F,3,5,6,3,two-tactor,push,zone,horizontal,horizontal_push_two-tactor
10/30/2023 15:08,P7,F,1,2,3,5,two-tactor,push,linear,horizontal,horizontal_push_two-tactor
10/30/2023 15:10,P7,F,7,7,6,2,worst-axis,push,zone,horizontal,horizontal_push_worst-axis
10/30/2023 15:11,P7,F,5,7,7,2,worst-axis,push,linear,horizontal,horizontal_push_worst-axis
11/1/2023 15:21,P8,M,5,5,6,2,worst-axis,push,linear,horizontal,horizontal_push_worst-axis
11/1/2023 15:23,P8,M,7,6,6,1,worst-axis,push,zone,horizontal,horizontal_push_worst-axis
11/1/2023 15:25,P8,M,1,4,6,2,two-tactor,push,linear,horizontal,horizontal_push_two-tactor
11/1/2023 15:28,P8,M,3,4,5,3,two-tactor,push,zone,horizontal,horizontal_push_two-tactor
11/1/2023 15:29,P8,M,9,6,6,1,two-tactor,pull,linear,horizontal,horizontal_pull_two-tactor
11/1/2023 15:30,P8,M,11,7,7,1,two-tactor,pull,zone,horizontal,horizontal_pull_two-tactor
11/1/2023 15:32,P8,M,13,6,5,2,worst-axis,pull,linear,horizontal,horizontal_pull_worst-axis
11/1/2023 15:33,P8,M,15,7,7,1,worst-axis,pull,zone,horizontal,horizontal_pull_worst-axis
11/1/2023 15:40,P8,M,10,7,7,1,two-tactor,pull,zone,vertical,vertical_pull_two-tactor
11/1/2023 15:41,P8,M,8,7,7,1,two-tactor,pull,linear,vertical,vertical_pull_two-tactor
11/1/2023 15:42,P8,M,14,7,6,1,worst-axis,pull,zone,vertical,vertical_pull_worst-axis
11/1/2023 15:43,P8,M,12,7,7,1,worst-axis,pull,linear,vertical,vertical_pull_worst-axis
11/1/2023 15:44,P8,M,6,6,5,2,worst-axis,push,zone,vertical,vertical_push_worst-axis
11/1/2023 15:45,P8,M,4,6,6,1,worst-axis,push,linear,vertical,vertical_push_worst-axis
11/1/2023 15:46,P8,M,2,6,5,2,two-tactor,push,zone,vertical,vertical_push_two-tactor
11/1/2023 15:47,P8,M,0,6,5,1,two-tactor,push,linear,vertical,vertical_push_two-tactor
11/2/2023 14:39,P9,M,0,2,2,6,two-tactor,push,linear,vertical,vertical_push_two-tactor
11/2/2023 14:42,P9,M,2,5,4,1,two-tactor,push,zone,vertical,vertical_push_two-tactor
11/2/2023 14:45,P9,M,4,4,4,3,worst-axis,push,linear,vertical,vertical_push_worst-axis
11/2/2023 14:47,P9,M,6,5,4,2,worst-axis,push,zone,vertical,vertical_push_worst-axis
11/2/2023 14:48,P9,M,12,7,7,1,worst-axis,pull,linear,vertical,vertical_pull_worst-axis
11/2/2023 14:50,P9,M,14,7,7,1,worst-axis,pull,zone,vertical,vertical_pull_worst-axis
11/2/2023 14:51,P9,M,8,6,5,2,two-tactor,pull,linear,vertical,vertical_pull_two-tactor
11/2/2023 14:52,P9,M,10,6,6,1,two-tactor,pull,zone,vertical,vertical_pull_two-tactor
11/2/2023 14:58,P9,M,15,4,3,2,worst-axis,pull,zone,horizontal,horizontal_pull_worst-axis
11/2/2023 15:00,P9,M,13,5,5,2,worst-axis,pull,linear,horizontal,horizontal_pull_worst-axis
11/2/2023 15:03,P9,M,11,4,3,2,two-tactor,pull,zone,horizontal,horizontal_pull_two-tactor
11/2/2023 15:04,P9,M,9,6,6,1,two-tactor,pull,linear,horizontal,horizontal_pull_two-tactor
11/2/2023 15:07,P9,M,3,4,5,3,two-tactor,push,zone,horizontal,horizontal_push_two-tactor
11/2/2023 15:09,P9,M,1,6,5,2,two-tactor,push,linear,horizontal,horizontal_push_two-tactor
11/2/2023 15:11,P9,M,7,5,5,2,worst-axis,push,zone,horizontal,horizontal_push_worst-axis
11/2/2023 15:12,P9,M,5,6,6,1,worst-axis,push,linear,horizontal,horizontal_push_worst-axis
11/11/2023 11:17,P10,F,5,5,7,2,worst-axis,push,linear,horizontal,horizontal_push_worst-axis
11/11/2023 11:20,P10,F,7,6,7,1,worst-axis,push,zone,horizontal,horizontal_push_worst-axis
11/11/2023 11:25,P10,F,1,5,6,2,two-tactor,push,linear,horizontal,horizontal_push_two-tactor
11/11/2023 11:28,P10,F,3,5,6,2,two-tactor,push,zone,horizontal,horizontal_push_two-tactor
11/11/2023 11:32,P10,F,9,6,6,1,two-tactor,pull,linear,horizontal,horizontal_pull_two-tactor
11/11/2023 11:35,P10,F,11,6,5,2,two-tactor,pull,zone,horizontal,horizontal_pull_two-tactor
11/11/2023 11:38,P10,F,13,7,7,1,worst-axis,pull,linear,horizontal,horizontal_pull_worst-axis
11/11/2023 11:40,P10,F,15,7,7,1,worst-axis,pull,zone,horizontal,horizontal_pull_worst-axis
11/11/2023 11:52,P10,F,10,5,5,3,two-tactor,pull,zone,vertical,vertical_pull_two-tactor
11/11/2023 11:57,P10,F,8,4,5,3,two-tactor,pull,linear,vertical,vertical_pull_two-tactor
11/11/2023 12:00,P10,F,14,6,6,2,worst-axis,pull,zone,vertical,vertical_pull_worst-axis
11/11/2023 12:02,P10,F,12,6,7,1,worst-axis,pull,linear,vertical,vertical_pull_worst-axis
11/11/2023 12:07,P10,F,6,5,5,2,worst-axis,push,zone,vertical,vertical_push_worst-axis
11/11/2023 12:09,P10,F,4,6,7,2,worst-axis,push,linear,vertical,vertical_push_worst-axis
11/11/2023 12:13,P10,F,2,6,6,1,two-tactor,push,zone,vertical,vertical_push_two-tactor
11/11/2023 12:20,P10,F,0,4,4,3,two-tactor,push,linear,vertical,vertical_push_two-tactor
11/13/2023 10:38,P11,M,0,4,5,2,two-tactor,push,linear,vertical,vertical_push_two-tactor
11/13/2023 10:44,P11,M,2,5,6,1,two-tactor,push,zone,vertical,vertical_push_two-tactor
11/13/2023 10:48,P11,M,4,4,6,2,worst-axis,push,linear,vertical,vertical_push_worst-axis
11/13/2023 10:52,P11,M,6,5,6,2,worst-axis,push,zone,vertical,vertical_push_worst-axis
11/13/2023 10:55,P11,M,12,7,7,1,worst-axis,pull,linear,vertical,vertical_pull_worst-axis
11/13/2023 10:56,P11,M,14,7,7,1,worst-axis,pull,zone,vertical,vertical_pull_worst-axis
11/13/2023 11:00,P11,M,8,5,6,2,two-tactor,pull,linear,vertical,vertical_pull_two-tactor
11/13/2023 11:03,P11,M,10,6,6,2,two-tactor,pull,zone,vertical,vertical_pull_two-tactor
11/13/2023 11:07,P11,M,15,7,7,1,worst-axis,pull,zone,horizontal,horizontal_pull_worst-axis
11/13/2023 11:09,P11,M,13,7,7,1,worst-axis,pull,linear,horizontal,horizontal_pull_worst-axis
11/13/2023 11:12,P11,M,11,6,6,1,two-tactor,pull,zone,horizontal,horizontal_pull_two-tactor
11/13/2023 11:15,P11,M,9,6,7,2,two-tactor,pull,linear,horizontal,horizontal_pull_two-tactor
11/13/2023 11:17,P11,M,3,6,7,1,two-tactor,push,zone,horizontal,horizontal_push_two-tactor
11/13/2023 11:19,P11,M,1,7,7,1,two-tactor,push,linear,horizontal,horizontal_push_two-tactor
11/13/2023 11:21,P11,M,7,7,7,1,worst-axis,push,zone,horizontal,horizontal_push_worst-axis
11/13/2023 11:23,P11,M,5,7,7,1,worst-axis,push,linear,horizontal,horizontal_push_worst-axis
11/13/2023 13:53,P12,F,5,3,5,5,worst-axis,push,linear,horizontal,horizontal_push_worst-axis
11/13/2023 13:56,P12,F,7,4,5,4,worst-axis,push,zone,horizontal,horizontal_push_worst-axis
11/13/2023 13:58,P12,F,1,5,5,5,two-tactor,push,linear,horizontal,horizontal_push_two-tactor
11/13/2023 14:00,P12,F,3,5,5,4,two-tactor,push,zone,horizontal,horizontal_push_two-tactor
11/13/2023 14:02,P12,F,9,4,5,5,two-tactor,pull,linear,horizontal,horizontal_pull_two-tactor
11/13/2023 14:04,P12,F,11,5,5,4,two-tactor,pull,zone,horizontal,horizontal_pull_two-tactor
11/13/2023 14:05,P12,F,13,5,6,3,worst-axis,pull,linear,horizontal,horizontal_pull_worst-axis
11/13/2023 14:10,P12,F,15,5,6,3,worst-axis,pull,zone,horizontal,horizontal_pull_worst-axis
11/13/2023 14:20,P12,F,10,4,6,5,two-tactor,pull,zone,vertical,vertical_pull_two-tactor
11/13/2023 14:21,P12,F,8,5,6,4,two-tactor,pull,linear,vertical,vertical_pull_two-tactor
11/13/2023 14:23,P12,F,14,6,6,3,worst-axis,pull,zone,vertical,vertical_pull_worst-axis
11/13/2023 14:25,P12,F,12,6,6,3,worst-axis,pull,linear,vertical,vertical_pull_worst-axis
11/13/2023 14:27,P12,F,6,6,6,4,worst-axis,push,zone,vertical,vertical_push_worst-axis
11/13/2023 14:28,P12,F,4,6,6,3,worst-axis,push,linear,vertical,vertical_push_worst-axis
11/13/2023 14:31,P12,F,2,5,6,4,two-tactor,push,zone,vertical,vertical_push_two-tactor
11/13/2023 14:33,P12,F,0,5,6,3,two-tactor,push,linear,vertical,vertical_push_two-tactor
11/16/2023 14:34,P14,F,5,5,6,3,worst-axis,push,linear,horizontal,horizontal_push_worst-axis
11/16/2023 14:40,P14,F,7,5,5,4,worst-axis,push,zone,horizontal,horizontal_push_worst-axis
11/16/2023 14:51,P14,F,1,4,3,3,two-tactor,push,linear,horizontal,horizontal_push_two-tactor
11/16/2023 15:00,P14,F,3,6,6,2,two-tactor,push,zone,horizontal,horizontal_push_two-tactor
11/16/2023 15:07,P14,F,9,7,7,1,two-tactor,pull,linear,horizontal,horizontal_pull_two-tactor
11/16/2023 15:11,P14,F,11,7,7,1,two-tactor,pull,zone,horizontal,horizontal_pull_two-tactor
11/16/2023 15:16,P14,F,13,7,7,1,worst-axis,pull,linear,horizontal,horizontal_pull_worst-axis
11/16/2023 15:18,P14,F,15,7,7,1,worst-axis,pull,zone,horizontal,horizontal_pull_worst-axis
11/16/2023 15:34,P14,F,10,7,6,2,two-tactor,pull,zone,vertical,vertical_pull_two-tactor
11/16/2023 15:37,P14,F,8,7,6,1,two-tactor,pull,linear,vertical,vertical_pull_two-tactor
11/16/2023 15:38,P14,F,14,7,7,1,worst-axis,pull,zone,vertical,vertical_pull_worst-axis
11/16/2023 15:41,P14,F,12,7,7,1,worst-axis,pull,linear,vertical,vertical_pull_worst-axis
11/16/2023 15:47,P14,F,6,3,2,4,worst-axis,push,zone,vertical,vertical_push_worst-axis
11/16/2023 15:49,P14,F,4,7,5,1,worst-axis,push,linear,vertical,vertical_push_worst-axis
11/16/2023 16:01,P14,F,2,1,3,6,two-tactor,push,zone,vertical,vertical_push_two-tactor
11/16/2023 16:05,P14,F,0,5,3,2,two-tactor,push,linear,vertical,vertical_push_two-tactor
11/17/2023 10:36,P15,M,0,3,3,5,two-tactor,push,linear,vertical,vertical_push_two-tactor
11/17/2023 10:40,P15,M,2,4,4,3,two-tactor,push,zone,vertical,vertical_push_two-tactor
11/17/2023 10:44,P15,M,4,4,3,4,worst-axis,push,linear,vertical,vertical_push_worst-axis
11/17/2023 10:46,P15,M,6,5,4,2,worst-axis,push,zone,vertical,vertical_push_worst-axis
11/17/2023 10:48,P15,M,12,6,6,2,worst-axis,pull,linear,vertical,vertical_pull_worst-axis
11/17/2023 10:50,P15,M,14,6,6,2,worst-axis,pull,zone,vertical,vertical_pull_worst-axis
11/17/2023 10:51,P15,M,8,5,5,2,two-tactor,pull,linear,vertical,vertical_pull_two-tactor
11/17/2023 10:53,P15,M,10,7,6,2,two-tactor,pull,zone,vertical,vertical_pull_two-tactor
11/17/2023 11:00,P15,M,15,7,7,1,worst-axis,pull,zone,horizontal,horizontal_pull_worst-axis
11/17/2023 11:01,P15,M,13,6,7,2,worst-axis,pull,linear,horizontal,horizontal_pull_worst-axis
11/17/2023 11:03,P15,M,11,5,6,2,two-tactor,pull,zone,horizontal,horizontal_pull_two-tactor
11/17/2023 11:05,P15,M,9,5,6,2,two-tactor,pull,linear,horizontal,horizontal_pull_two-tactor
11/17/2023 11:07,P15,M,3,3,3,3,two-tactor,push,zone,horizontal,horizontal_push_two-tactor
11/17/2023 11:09,P15,M,1,4,4,2,two-tactor,push,linear,horizontal,horizontal_push_two-tactor
11/17/2023 11:10,P15,M,7,6,4,1,worst-axis,push,zone,horizontal,horizontal_push_worst-axis
11/17/2023 11:11,P15,M,5,7,4,1,worst-axis,push,linear,horizontal,horizontal_push_worst-axis
11/17/2023 13:46,P16,F,5,5,4,2,worst-axis,push,linear,horizontal,horizontal_push_worst-axis
11/17/2023 13:49,P16,F,7,3,2,2,worst-axis,push,zone,horizontal,horizontal_push_worst-axis
11/17/2023 13:53,P16,F,1,1,1,2,two-tactor,push,linear,horizontal,horizontal_push_two-tactor
11/17/2023 13:55,P16,F,3,4,4,2,two-tactor,push,zone,horizontal,horizontal_push_two-tactor
11/17/2023 13:59,P16,F,9,4,5,2,two-tactor,pull,linear,horizontal,horizontal_pull_two-tactor
11/17/2023 14:01,P16,F,11,5,5,1,two-tactor,pull,zone,horizontal,horizontal_pull_two-tactor
11/17/2023 14:02,P16,F,13,7,6,1,worst-axis,pull,linear,horizontal,horizontal_pull_worst-axis
11/17/2023 14:03,P16,F,15,7,6,1,worst-axis,pull,zone,horizontal,horizontal_pull_worst-axis
11/17/2023 14:23,P16,F,10,1,1,3,two-tactor,pull,zone,vertical,vertical_pull_two-tactor
11/17/2023 14:30,P16,F,8,3,2,2,two-tactor,pull,linear,vertical,vertical_pull_two-tactor
11/17/2023 14:32,P16,F,14,5,5,1,worst-axis,pull,zone,vertical,vertical_pull_worst-axis
11/17/2023 14:35,P16,F,12,4,4,1,worst-axis,pull,linear,vertical,vertical_pull_worst-axis
11/17/2023 14:41,P16,F,6,4,5,2,worst-axis,push,zone,vertical,vertical_push_worst-axis
11/17/2023 14:53,P16,F,4,2,3,4,worst-axis,push,linear,vertical,vertical_push_worst-axis
11/17/2023 14:56,P16,F,2,5,5,3,two-tactor,push,zone,vertical,vertical_push_two-tactor
11/17/2023 14:58,P16,F,0,5,5,2,two-tactor,push,linear,vertical,vertical_push_two-tactor
11/18/2023 11:43,P17,F,0,3,6,5,two-tactor,push,linear,vertical,vertical_push_two-tactor
11/18/2023 11:56,P17,F,2,3,6,5,two-tactor,push,zone,vertical,vertical_push_two-tactor
11/18/2023 11:58,P17,F,4,6,6,4,worst-axis,push,linear,vertical,vertical_push_worst-axis
11/18/2023 12:04,P17,F,6,4,5,5,worst-axis,push,zone,vertical,vertical_push_worst-axis
11/18/2023 12:08,P17,F,12,5,6,4,worst-axis,pull,linear,vertical,vertical_pull_worst-axis
11/18/2023 12:11,P17,F,14,6,6,3,worst-axis,pull,zone,vertical,vertical_pull_worst-axis
11/18/2023 12:17,P17,F,8,5,6,4,two-tactor,pull,linear,vertical,vertical_pull_two-tactor
11/18/2023 12:20,P17,F,10,5,5,5,two-tactor,pull,zone,vertical,vertical_pull_two-tactor
11/18/2023 12:30,P17,F,15,6,6,3,worst-axis,pull,zone,horizontal,horizontal_pull_worst-axis
11/18/2023 12:32,P17,F,13,6,7,3,worst-axis,pull,linear,horizontal,horizontal_pull_worst-axis
11/18/2023 12:35,P17,F,11,5,6,4,two-tactor,pull,zone,horizontal,horizontal_pull_two-tactor
11/18/2023 12:40,P17,F,9,5,6,4,two-tactor,pull,linear,horizontal,horizontal_pull_two-tactor
11/18/2023 12:45,P17,F,3,3,5,5,two-tactor,push,zone,horizontal,horizontal_push_two-tactor
11/18/2023 12:54,P17,F,1,5,6,4,two-tactor,push,linear,horizontal,horizontal_push_two-tactor
11/18/2023 12:58,P17,F,7,3,4,5,worst-axis,push,zone,horizontal,horizontal_push_worst-axis
11/18/2023 13:01,P17,F,5,5,5,5,worst-axis,push,linear,horizontal,horizontal_push_worst-axis
11/22/2023 11:51,P18,M,5,7,7,1,worst-axis,push,linear,horizontal,horizontal_push_worst-axis
11/22/2023 11:53,P18,M,7,6,7,1,worst-axis,push,zone,horizontal,horizontal_push_worst-axis
11/22/2023 11:57,P18,M,1,5,7,2,two-tactor,push,linear,horizontal,horizontal_push_two-tactor
11/22/2023 12:00,P18,M,3,7,7,1,two-tactor,push,zone,horizontal,horizontal_push_two-tactor
11/22/2023 12:03,P18,M,9,7,7,1,two-tactor,pull,linear,horizontal,horizontal_pull_two-tactor
11/22/2023 12:05,P18,M,11,7,7,1,two-tactor,pull,zone,horizontal,horizontal_pull_two-tactor
11/22/2023 12:06,P18,M,13,7,7,1,worst-axis,pull,linear,horizontal,horizontal_pull_worst-axis
11/22/2023 12:07,P18,M,15,7,7,1,worst-axis,pull,zone,horizontal,horizontal_pull_worst-axis
11/22/2023 12:14,P18,M,10,7,7,1,two-tactor,pull,zone,vertical,vertical_pull_two-tactor
11/22/2023 12:16,P18,M,8,7,7,1,two-tactor,pull,linear,vertical,vertical_pull_two-tactor
11/22/2023 12:17,P18,M,14,7,7,1,worst-axis,pull,zone,vertical,vertical_pull_worst-axis
11/22/2023 12:19,P18,M,12,7,7,1,worst-axis,pull,linear,vertical,vertical_pull_worst-axis
11/22/2023 12:21,P18,M,6,7,7,1,worst-axis,push,zone,vertical,vertical_push_worst-axis
11/22/2023 12:22,P18,M,4,7,7,1,worst-axis,push,linear,vertical,vertical_push_worst-axis
11/22/2023 12:25,P18,M,2,7,7,1,two-tactor,push,zone,vertical,vertical_push_two-tactor
11/22/2023 12:27,P18,M,0,7,7,1,two-tactor,push,linear,vertical,vertical_push_two-tactor
11/26/2023 12:12,P19,F,0,4,6,6,two-tactor,push,linear,vertical,vertical_push_two-tactor
11/26/2023 12:22,P19,F,2,4,5,6,two-tactor,push,zone,vertical,vertical_push_two-tactor
11/26/2023 12:25,P19,F,4,7,6,3,worst-axis,push,linear,vertical,vertical_push_worst-axis
11/26/2023 12:29,P19,F,6,7,7,3,worst-axis,push,zone,vertical,vertical_push_worst-axis
11/26/2023 12:33,P19,F,12,6,6,4,worst-axis,pull,linear,vertical,vertical_pull_worst-axis
11/26/2023 12:37,P19,F,14,7,6,3,worst-axis,pull,zone,vertical,vertical_pull_worst-axis
11/26/2023 12:40,P19,F,8,6,6,3,two-tactor,pull,linear,vertical,vertical_pull_two-tactor
11/26/2023 12:43,P19,F,10,7,7,2,two-tactor,pull,zone,vertical,vertical_pull_two-tactor
11/26/2023 12:54,P19,F,15,7,7,2,worst-axis,pull,zone,horizontal,horizontal_pull_worst-axis
11/26/2023 12:56,P19,F,13,7,7,1,worst-axis,pull,linear,horizontal,horizontal_pull_worst-axis
11/26/2023 13:01,P19,F,11,5,5,4,two-tactor,pull,zone,horizontal,horizontal_pull_two-tactor
11/26/2023 13:08,P19,F,9,3,3,6,two-tactor,pull,linear,horizontal,horizontal_pull_two-tactor
11/26/2023 13:16,P19,F,3,6,5,3,two-tactor,push,zone,horizontal,horizontal_push_two-tactor
11/26/2023 13:19,P19,F,1,6,6,4,two-tactor,push,linear,horizontal,horizontal_push_two-tactor
11/26/2023 13:21,P19,F,7,6,6,3,worst-axis,push,zone,horizontal,horizontal_push_worst-axis
11/26/2023 13:25,P19,F,5,6,6,3,worst-axis,push,linear,horizontal,horizontal_push_worst-axis
11/27/2023 13:58,P20,M,5,5,4,2,worst-axis,push,linear,horizontal,horizontal_push_worst-axis
11/27/2023 14:00,P20,M,7,6,5,2,worst-axis,push,zone,horizontal,horizontal_push_worst-axis
11/27/2023 14:04,P20,M,1,5,3,4,two-tactor,push,linear,horizontal,horizontal_push_two-tactor
11/27/2023 14:08,P20,M,3,5,4,4,two-tactor,push,zone,horizontal,horizontal_push_two-tactor
11/27/2023 14:12,P20,M,9,4,4,3,two-tactor,pull,linear,horizontal,horizontal_pull_two-tactor
11/27/2023 14:15,P20,M,11,4,5,3,two-tactor,pull,zone,horizontal,horizontal_pull_two-tactor
11/27/2023 14:17,P20,M,13,5,4,2,worst-axis,pull,linear,horizontal,horizontal_pull_worst-axis
11/27/2023 14:19,P20,M,15,4,5,2,worst-axis,pull,zone,horizontal,horizontal_pull_worst-axis
11/27/2023 14:25,P20,M,10,5,5,1,two-tactor,pull,zone,vertical,vertical_pull_two-tactor
11/27/2023 14:27,P20,M,8,5,5,2,two-tactor,pull,linear,vertical,vertical_pull_two-tactor
11/27/2023 14:29,P20,M,14,4,5,3,worst-axis,pull,zone,vertical,vertical_pull_worst-axis
11/27/2023 14:31,P20,M,12,4,5,3,worst-axis,pull,linear,vertical,vertical_pull_worst-axis
11/27/2023 14:34,P20,M,6,5,5,1,worst-axis,push,zone,vertical,vertical_push_worst-axis
11/27/2023 14:36,P20,M,4,4,4,3,worst-axis,push,linear,vertical,vertical_push_worst-axis
11/27/2023 14:39,P20,M,2,4,4,3,two-tactor,push,zone,vertical,vertical_push_two-tactor
11/27/2023 14:48,P20,M,0,4,4,2,two-tactor,push,linear,vertical,vertical_push_two-tactor
11/29/2023 11:51,P21,F,0,4,6,5,two-tactor,push,linear,vertical,vertical_push_two-tactor
11/29/2023 11:56,P21,F,2,5,6,2,two-tactor,push,zone,vertical,vertical_push_two-tactor
11/29/2023 12:01,P21,F,4,5,7,3,worst-axis,push,linear,vertical,vertical_push_worst-axis
11/29/2023 12:08,P21,F,6,7,6,3,worst-axis,push,zone,vertical,vertical_push_worst-axis
11/29/2023 12:11,P21,F,12,7,6,2,worst-axis,pull,linear,vertical,vertical_pull_worst-axis
11/29/2023 12:15,P21,F,14,6,6,2,worst-axis,pull,zone,vertical,vertical_pull_worst-axis
11/29/2023 12:20,P21,F,8,6,5,3,two-tactor,pull,linear,vertical,vertical_pull_two-tactor
11/29/2023 12:23,P21,F,10,6,6,2,two-tactor,pull,zone,vertical,vertical_pull_two-tactor
11/29/2023 12:31,P21,F,15,6,5,2,worst-axis,pull,zone,horizontal,horizontal_pull_worst-axis
11/29/2023 12:33,P21,F,13,7,6,2,worst-axis,pull,linear,horizontal,horizontal_pull_worst-axis
11/29/2023 12:37,P21,F,11,5,6,2,two-tactor,pull,zone,horizontal,horizontal_pull_two-tactor
11/29/2023 12:39,P21,F,9,6,6,2,two-tactor,pull,linear,horizontal,horizontal_pull_two-tactor
11/29/2023 12:41,P21,F,3,6,5,2,two-tactor,push,zone,horizontal,horizontal_push_two-tactor
11/29/2023 12:44,P21,F,1,6,5,2,two-tactor,push,linear,horizontal,horizontal_push_two-tactor
11/29/2023 12:46,P21,F,7,7,5,2,worst-axis,push,zone,horizontal,horizontal_push_worst-axis
11/29/2023 12:48,P21,F,5,7,4,1,worst-axis,push,linear,horizontal,horizontal_push_worst-axis
11/29/2023 14:57,P22,F,5,6,6,4,worst-axis,push,linear,horizontal,horizontal_push_worst-axis
11/29/2023 14:59,P22,F,7,6,6,3,worst-axis,push,zone,horizontal,horizontal_push_worst-axis
11/29/2023 15:04,P22,F,1,5,6,3,two-tactor,push,linear,horizontal,horizontal_push_two-tactor
11/29/2023 15:05,P22,F,3,5,6,2,two-tactor,push,zone,horizontal,horizontal_push_two-tactor
11/29/2023 15:07,P22,F,9,5,6,3,two-tactor,pull,linear,horizontal,horizontal_pull_two-tactor
11/29/2023 15:08,P22,F,11,6,6,2,two-tactor,pull,zone,horizontal,horizontal_pull_two-tactor
11/29/2023 15:10,P22,F,13,7,6,2,worst-axis,pull,linear,horizontal,horizontal_pull_worst-axis
11/29/2023 15:11,P22,F,15,7,6,2,worst-axis,pull,zone,horizontal,horizontal_pull_worst-axis
11/29/2023 15:21,P22,F,10,5,6,4,two-tactor,pull,zone,vertical,vertical_pull_two-tactor
11/29/2023 15:24,P22,F,8,4,6,4,two-tactor,pull,linear,vertical,vertical_pull_two-tactor
11/29/2023 15:27,P22,F,14,6,6,3,worst-axis,pull,zone,vertical,vertical_pull_worst-axis
11/29/2023 15:28,P22,F,12,6,6,3,worst-axis,pull,linear,vertical,vertical_pull_worst-axis
11/29/2023 15:31,P22,F,6,5,6,2,worst-axis,push,zone,vertical,vertical_push_worst-axis
11/29/2023 15:32,P22,F,4,6,6,2,worst-axis,push,linear,vertical,vertical_push_worst-axis
11/29/2023 15:34,P22,F,2,5,6,2,two-tactor,push,zone,vertical,vertical_push_two-tactor
11/29/2023 15:36,P22,F,0,5,6,2,two-tactor,push,linear,vertical,vertical_push_two-tactor
12/13/2023 15:36,P23,F,0,4,6,3,two-tactor,push,linear,vertical,vertical_push_two-tactor
12/13/2023 15:43,P23,F,2,4,4,4,two-tactor,push,zone,vertical,vertical_push_two-tactor
12/13/2023 15:46,P23,F,4,5,5,1,worst-axis,push,linear,vertical,vertical_push_worst-axis
12/13/2023 15:50,P23,F,6,6,5,1,worst-axis,push,zone,vertical,vertical_push_worst-axis
12/13/2023 15:53,P23,F,12,4,5,3,worst-axis,pull,linear,vertical,vertical_pull_worst-axis
12/13/2023 15:58,P23,F,14,6,5,2,worst-axis,pull,zone,vertical,vertical_pull_worst-axis
12/13/2023 16:07,P23,F,8,4,4,5,two-tactor,pull,linear,vertical,vertical_pull_two-tactor
12/13/2023 16:13,P23,F,10,4,3,4,two-tactor,pull,zone,vertical,vertical_pull_two-tactor
12/13/2023 16:18,P23,F,15,6,6,1,worst-axis,pull,zone,horizontal,horizontal_pull_worst-axis
12/13/2023 16:21,P23,F,13,6,6,1,worst-axis,pull,linear,horizontal,horizontal_pull_worst-axis
12/13/2023 16:23,P23,F,11,5,5,2,two-tactor,pull,zone,horizontal,horizontal_pull_two-tactor
12/13/2023 16:26,P23,F,9,5,5,2,two-tactor,pull,linear,horizontal,horizontal_pull_two-tactor
12/13/2023 16:34,P23,F,3,5,4,3,two-tactor,push,zone,horizontal,horizontal_push_two-tactor
12/13/2023 16:35,P23,F,1,5,5,3,two-tactor,push,linear,horizontal,horizontal_push_two-tactor
12/13/2023 16:38,P23,F,7,6,5,2,worst-axis,push,zone,horizontal,horizontal_push_worst-axis
12/13/2023 16:43,P23,F,5,7,6,1,worst-axis,push,linear,horizontal,horizontal_push_worst-axis
